actor_account,class
20000005,0
20000016,0
20000033,0
20000035,0
20000051,0
20000064,0
20000071,0
20000085,0
20000087,0
20000088,0
20000105,0
20000108,0
20000111,0
20000117,0
20000124,0
20000135,0
20000154,0
20000196,1
20000206,0
20000208,0
20000215,0
20000222,1
20000278,0
20000279,0
20000290,0
20000316,0
20000328,0
20000343,0
20000350,0
20000387,0
20000405,0
20000412,0
20000427,1
20000439,0
20000454,0
20000456,0
20000457,0
20000491,0
20000508,0
20000512,0
20000518,0
20000552,0
20000558,0
20000581,0
20000584,0
20000601,0
20000641,0
20000644,0
20000646,0
20000650,1
20000657,0
20000689,0
20000705,0
20000706,0
20000719,0
20000726,0
20000731,0
20000741,0
20000744,0
20000751,0
20000761,0
20000766,1
20000776,0
20000799,0
20000814,0
20000816,0
20000843,0
20000868,0
20000871,0
20000880,0
20000959,0
20000960,0
20000971,0
20000974,0
20000988,0
20000998,0
20001025,0
20001026,0
20001033,0
20001088,0
20001111,0
20001112,0
20001113,0
20001116,0
20001126,0
20001127,0
20001167,0
20001175,0
20001194,0
20001201,0
20001208,0
20001222,1
20001231,0
20001239,0
20001256,0
20001264,0
20001272,0
20001278,1
20001292,0
20001300,0
20001316,0
20001320,0
20001343,0
20001359,0
20001361,0
20001380,0
20001383,0
20001387,1
20001390,0
20001393,0
20001405,0
20001421,0
20001444,0
20001461,0
20001468,0
20001496,0
20001498,0
20001531,0
20001554,0
20001562,0
20001568,0
20001570,0
20001573,0
20001597,0
20001605,0
20001643,0
20001653,0
20001660,0
20001677,0
20001745,0
20001765,0
20001780,0
20001792,0
20001808,0
20001815,1
20001816,0
20001820,1
20001842,0
20001847,0
20001865,0
20001871,0
20001885,0
20001888,0
20001890,0
20001915,0
20001924,0
20001926,0
20001963,0
20001965,0
20001972,0
20001979,0
20001982,0
20001984,0
20001992,0
20001998,0
20002025,0
20002032,0
20002035,0
20002049,0
20002069,0
20002104,0
20002114,0
20002119,0
20002122,0
20002130,0
20002132,0
20002139,0
20002149,0
20002155,0
20002172,0
20002194,0
20002210,0
20002220,0
20002221,0
20002226,0
20002255,1
20002282,0
20002328,0
20002330,0
20002386,0
20002402,1
20002428,0
20002440,0
20002503,0
20002504,0
20002508,1
20002517,0
20002531,0
20002541,0
20002559,0
20002563,1
20002588,0
20002591,0
20002592,0
20002604,0
20002648,0
20002651,0
20002660,0
20002669,0
20002673,0
20002698,0
20002706,0
20002708,0
20002723,0
20002749,0
20002761,0
20002774,0
20002784,0
20002787,0
20002804,0
20002808,0
20002812,0
20002822,0
20002824,1
20002825,0
20002829,0
20002832,0
20002852,0
20002856,0
20002871,0
20002876,0
20002903,0
20002907,0
20002928,0
20002931,0
20002938,0
20002948,1
20002957,0
20002978,0
20002986,0
20002993,0
20002994,0
20002999,0
20003015,0
20003029,0
20003049,0
20003058,0
20003065,0
20003090,0
20003097,0
20003117,0
20003140,0
20003146,0
20003158,0
20003210,0
20003219,0
20003224,1
20003235,0
20003245,0
20003294,0
20003307,0
20003319,0
20003325,0
20003357,0
20003383,0
20003388,0
20003396,0
20003417,0
20003425,0
20003427,0
20003430,0
20003442,0
20003449,0
20003474,0
20003483,0
20003495,0
20003516,0
20003533,0
20003541,0
20003543,0
20003556,0
20003559,0
20003563,0
20003608,0
20003609,0
20003632,0
20003641,0
20003647,0
20003649,0
20003668,0
20003689,0
20003694,0
20003708,0
20003732,0
20003733,0
20003737,0
20003739,0
20003779,0
20003785,0
20003791,0
20003795,1
20003817,0
20003843,0
20003849,0
20003853,0
20003856,0
20003862,0
20003873,0
20003878,0
20003897,0
20003908,0
20003910,0
20003911,0
20003922,0
20003935,0
20003944,0
20003945,0
20003949,0
20003959,0
20003978,0
20003988,0
20003992,0
20004019,0
20004023,0
20004029,0
20004041,0
20004045,0
20004048,1
20004094,0
20004133,1
20004153,0
20004175,0
20004177,0
20004225,0
20004235,1
20004258,0
20004267,0
20004269,0
20004279,0
20004286,0
20004290,0
20004293,0
20004298,0
20004313,0
20004322,0
20004367,0
20004368,0
20004398,0
20004408,0
20004413,0
20004439,0
20004469,0
20004481,0
20004508,0
20004519,0
20004529,0
20004564,0
20004565,0
20004569,0
20004581,0
20004585,0
20004589,0
20004608,0
20004619,0
20004647,0
20004650,1
20004651,0
20004652,0
20004656,0
20004663,0
20004673,0
20004680,0
20004681,0
20004686,1
20004691,0
20004707,0
20004730,0
20004744,1
20004772,0
20004777,1
20004778,0
20004780,0
20004789,0
20004802,0
20004806,0
20004838,0
20004839,0
20004856,0
20004865,0
20004876,0
20004921,0
20004942,0
20004949,0
20004963,0
20005000,0
20005004,0
20005013,0
20005062,0
20005063,0
20005076,0
20005080,0
20005081,0
20005097,0
20005101,0
20005109,0
20005141,1
20005143,0
20005156,0
20005166,1
20005178,0
20005196,0
20005216,0
20005230,0
20005240,0
20005249,0
20005251,0
20005253,0
20005269,0
20005270,0
20005275,0
20005297,0
20005301,0
20005302,0
20005306,0
20005314,0
20005350,0
20005361,1
20005371,0
20005424,0
20005430,0
20005443,0
20005468,0
20005473,0
20005487,1
20005490,0
20005493,0
20005523,0
20005535,0
20005563,0
20005567,0
20005599,0
20005608,0
20005624,0
20005660,1
20005681,0
20005705,0
20005741,1
20005749,0
20005757,0
20005767,0
20005790,0
20005810,0
20005821,0
20005831,0
20005882,0
20005885,0
20005917,0
20005946,0
20005968,0
20005992,0
20006023,0
20006033,0
20006040,0
20006042,0
20006060,0
20006096,0
20006106,0
20006113,0
20006122,0
20006160,0
20006171,1
20006178,0
20006185,0
20006201,1
20006229,0
20006232,0
20006265,0
20006268,0
20006274,0
20006303,0
20006312,0
20006320,0
20006322,0
20006325,0
20006328,0
20006331,0
20006334,0
20006335,0
20006354,1
20006356,0
20006365,0
20006369,0
20006375,0
20006406,0
20006419,0
20006448,0
20006459,0
20006463,0
20006469,0
20006480,0
20006484,0
20006494,0
20006518,0
20006529,0
20006548,0
20006567,0
20006577,0
20006581,0
20006590,0
20006615,0
20006636,0
20006644,0
20006657,0
20006661,0
20006664,0
20006669,0
20006670,0
20006677,0
20006695,0
20006704,0
20006768,0
20006774,0
20006793,0
20006823,0
20006833,0
20006847,0
20006853,0
20006859,0
20006864,0
20006867,0
20006874,0
20006888,0
20006894,1
20006914,0
20006955,0
20006959,0
20006973,0
20006991,0
20006995,0
20007010,0
20007018,0
20007020,0
20007029,0
20007033,0
20007036,0
20007039,0
20007056,0
20007067,0
20007079,0
20007097,0
20007110,0
20007128,0
20007142,0
20007153,0
20007168,0
20007188,0
20007190,0
20007197,0
20007209,0
20007219,0
20007220,0
20007231,0
20007272,0
20007299,0
20007300,0
20007303,0
20007304,0
20007305,0
20007320,0
20007321,0
20007331,0
20007338,0
20007365,0
20007366,0
20007381,0
20007394,0
20007396,0
20007398,0
20007406,0
20007414,0
20007421,0
20007429,0
20007430,0
20007438,0
20007443,0
20007457,0
20007459,0
20007463,0
20007482,0
20007500,0
20007503,0
20007509,0
20007542,0
20007552,0
20007562,0
20007569,0
20007570,0
20007585,0
20007600,0
20007616,0
20007619,0
20007628,0
20007649,0
20007651,0
20007664,0
20007667,0
20007671,0
20007687,0
20007703,0
20007715,0
20007722,0
20007741,0
20007757,0
20007760,0
20007762,0
20007785,0
20007805,0
20007808,0
20007834,0
20007859,0
20007899,0
20007901,0
20007908,0
20007928,0
20007930,0
20007934,0
20007940,0
20007947,0
20007957,0
20007961,0
20007966,0
20007982,0
20008013,0
20008018,0
20008021,0
20008042,0
20008060,0
20008063,1
20008081,0
20008090,0
20008096,0
20008120,0
20008123,1
20008130,0
20008143,0
20008146,0
20008149,0
20008150,0
20008160,0
20008193,0
20008219,0
20008227,0
20008233,1
20008259,0
20008260,0
20008272,0
20008275,0
20008277,0
20008298,0
20008308,0
20008310,0
20008327,0
20008336,0
20008349,0
20008386,0
20008392,0
20008430,0
20008433,0
20008450,0
20008454,0
20008463,0
20008475,0
20008507,0
20008510,0
20008516,0
20008521,0
20008528,0
20008543,0
20008544,0
20008545,0
20008559,0
20008567,0
20008579,0
20008584,0
20008589,1
20008612,0
20008614,0
20008623,1
20008641,0
20008646,0
20008665,0
20008666,0
20008673,0
20008675,0
20008710,0
20008713,0
20008719,0
20008732,1
20008733,0
20008756,0
20008764,0
20008769,0
20008802,0
20008804,0
20008814,0
20008815,0
20008850,0
20008854,0
20008861,0
20008890,0
20008916,0
20008935,0
20008945,0
20008947,0
20008954,0
20008980,0
20008982,0
20009008,0
20009024,0
20009029,0
20009038,0
20009040,0
20009056,0
20009059,0
20009060,0
20009062,0
20009068,0
20009082,0
20009137,0
20009155,0
20009196,0
20009204,0
20009239,0
20009265,0
20009287,0
20009290,0
20009299,0
20009326,1
20009330,0
20009340,0
20009348,1
20009351,0
20009352,0
20009369,0
20009374,0
20009383,0
20009397,0
20009410,1
20009411,0
20009418,0
20009424,0
20009426,0
20009435,0
20009442,0
20009444,0
20009446,0
20009447,0
20009450,0
20009468,0
20009482,0
20009486,0
20009490,0
20009524,0
20009525,0
20009549,0
20009554,0
20009565,0
20009579,0
20009606,1
20009608,0
20009612,0
20009616,0
20009635,0
20009641,0
20009664,0
20009672,0
20009674,0
20009679,0
20009682,0
20009686,0
20009695,0
20009705,0
20009720,0
20009743,0
20009752,0
20009764,0
20009775,0
20009787,0
20009815,0
20009816,0
20009825,1
20009826,0
20009837,0
20009848,0
20009856,0
20009859,0
20009878,0
20009889,0
20009925,0
20009974,0
20009992,0
20010000,0
20010033,0
20010048,0
20010057,0
20010090,0
20010096,0
20010103,0
20010124,0
20010152,0
20010181,0
20010187,0
20010196,0
20010214,0
20010222,0
20010245,0
20010260,0
20010263,0
20010269,0
20010274,0
20010285,1
20010308,0
20010312,0
20010323,0
20010325,0
20010332,0
20010342,0
20010362,0
20010363,1
20010365,0
20010384,0
20010386,0
20010391,0
20010400,0
20010428,0
20010449,0
20010453,0
20010458,0
20010467,0
20010483,0
20010498,0
20010514,0
20010532,0
20010536,0
20010545,0
20010547,0
20010554,0
20010558,0
20010569,0
20010581,0
20010604,0
20010614,0
20010615,0
20010617,1
20010640,0
20010653,0
20010662,0
20010673,0
20010680,1
20010690,0
20010693,0
20010722,0
20010726,0
20010735,0
20010737,1
20010749,0
20010759,0
20010768,0
20010770,0
20010776,0
20010806,0
20010825,0
20010830,0
20010839,0
20010855,0
20010861,0
20010863,0
20010867,0
20010871,0
20010879,0
20010883,1
20010901,0
20010908,0
20010930,0
20010932,0
20010941,0
20010954,0
20010968,0
20010981,0
20010997,0
20011024,0
20011026,0
20011032,0
20011040,0
20011063,0
20011068,0
20011073,0
20011074,0
20011096,0
20011108,0
20011114,0
20011143,0
20011159,0
20011166,0
20011171,0
20011172,0
20011174,0
20011177,0
20011184,0
20011185,0
20011215,1
20011224,0
20011225,0
20011231,0
20011237,0
20011244,0
20011246,0
20011259,0
20011269,1
20011272,0
20011284,0
20011299,0
20011304,0
20011314,0
20011319,0
20011328,0
20011340,0
20011342,0
20011345,0
20011350,0
20011355,0
20011360,0
20011371,0
20011400,0
20011414,0
20011428,0
20011456,0
20011488,0
20011489,0
20011524,1
20011546,0
20011572,0
20011588,0
20011595,0
20011604,0
20011609,0
20011618,0
20011621,1
20011634,0
20011639,0
20011649,0
20011657,0
20011662,0
20011682,0
20011701,0
20011731,0
20011733,0
20011742,0
20011751,0
20011752,0
20011765,0
20011787,0
20011789,0
20011823,0
20011836,0
20011846,0
20011867,0
20011890,0
20011922,0
20011952,0
20011965,0
20011980,0
20011987,0
20011992,0
20011999,1
20012018,0
20012022,0
20012028,0
20012034,0
20012052,0
20012059,0
20012064,0
20012103,0
20012108,0
20012119,0
20012123,0
20012131,1
20012159,0
20012169,1
20012211,1
20012212,0
20012215,0
20012237,0
20012250,0
20012272,0
20012274,0
20012278,1
20012285,0
20012287,0
20012307,0
20012312,0
20012330,0
20012331,0
20012340,0
20012373,0
20012376,0
20012395,0
20012399,0
20012406,0
20012452,0
20012459,0
20012492,0
20012495,0
20012503,1
20012506,1
20012520,0
20012523,0
20012542,0
20012554,0
20012558,0
20012574,0
20012579,0
20012672,0
20012684,0
20012695,0
20012723,0
20012734,0
20012751,0
20012767,0
20012787,0
20012793,1
20012794,0
20012798,1
20012810,0
20012812,0
20012832,0
20012838,0
20012854,1
20012889,0
20012898,0
20012906,0
20012951,0
20012956,0
20012965,0
20012970,0
20012971,0
20012977,0
20012990,0
20013020,0
20013062,1
20013079,0
20013082,0
20013084,0
20013112,0
20013140,0
20013144,1
20013150,0
20013152,0
20013165,0
20013166,0
20013167,0
20013190,0
20013193,0
20013197,0
20013203,0
20013209,0
20013211,0
20013217,0
20013223,0
20013224,0
20013228,0
20013251,0
20013270,0
20013272,0
20013273,0
20013319,0
20013330,0
20013333,0
20013348,0
20013361,1
20013367,0
20013373,0
20013382,0
20013386,0
20013398,1
20013408,0
20013425,0
20013443,0
20013447,0
20013453,0
20013460,0
20013474,0
20013480,0
20013493,0
20013514,0
20013517,0
20013518,0
20013521,0
20013526,0
20013530,0
20013538,0
20013550,0
20013552,0
20013557,0
20013559,0
20013569,0
20013575,0
20013583,0
20013593,0
20013595,0
20013632,0
20013641,0
20013646,0
20013666,0
20013668,0
20013679,0
20013690,0
20013692,0
20013695,0
20013697,0
20013699,0
20013709,0
20013712,0
20013758,0
20013770,0
20013819,0
20013839,0
20013851,0
20013864,0
20013874,0
20013908,0
20013918,0
20013947,0
20013950,1
20013954,0
20013961,1
20013962,0
20013972,0
20014013,0
20014023,0
20014032,0
20014038,0
20014042,1
20014043,0
20014050,0
20014057,0
20014076,0
20014107,0
20014144,0
20014163,0
20014167,0
20014185,0
20014188,0
20014190,0
20014197,1
20014204,0
20014224,0
20014245,0
20014279,0
20014286,0
20014293,0
20014294,0
20014316,0
20014321,0
20014322,0
20014332,0
20014356,0
20014358,0
20014377,0
20014384,0
20014389,0
20014417,0
20014437,0
20014477,0
20014478,0
20014485,0
20014498,0
20014507,0
20014510,0
20014513,0
20014522,0
20014540,0
20014542,0
20014548,0
20014549,0
20014560,0
20014565,0
20014571,0
20014573,0
20014574,0
20014580,0
20014591,0
20014620,0
20014629,0
20014637,0
20014648,0
20014654,0
20014670,0
20014690,0
20014697,0
20014727,0
20014733,0
20014734,0
20014753,0
20014761,0
20014781,0
20014785,1
20014798,1
20014801,0
20014816,0
20014821,0
20014823,0
20014826,0
20014827,0
20014840,0
20014848,0
20014859,0
20014868,0
20014892,0
20014900,1
20014903,0
20014914,0
20014937,0
20014941,0
20014945,0
20014949,0
20014955,0
20014959,0
20014971,0
20014974,0
20014981,0
20014992,0
20015005,0
20015014,0
20015016,0
20015022,0
20015030,0
20015046,0
20015077,0
20015080,0
20015119,0
20015123,0
20015127,1
20015157,0
20015159,0
20015167,0
20015173,0
20015194,0
20015196,0
20015226,0
20015239,1
20015242,0
20015254,0
20015259,0
20015286,0
20015313,0
20015326,0
20015341,0
20015349,0
20015353,0
20015364,0
20015373,0
20015385,0
20015416,0
20015438,0
20015441,0
20015474,1
20015475,1
20015479,0
20015480,0
20015500,0
20015501,0
20015523,0
20015532,0
20015540,0
20015556,0
20015564,0
20015590,0
20015594,0
20015608,0
20015612,0
20015638,0
20015651,0
20015662,0
20015664,0
20015710,0
20015732,0
20015737,0
20015741,0
20015764,0
20015765,0
20015766,0
20015771,0
20015792,0
20015795,0
20015810,0
20015814,1
20015820,0
20015829,0
20015836,0
20015842,0
20015860,0
20015865,0
20015867,0
20015900,1
20015940,0
20015941,0
20015946,0
20015995,0
20016002,0
20016008,0
20016012,1
20016050,0
20016056,0
20016071,0
20016092,0
20016104,0
20016109,0
20016132,0
20016134,0
20016141,0
20016157,0
20016167,0
20016174,0
20016178,0
20016187,0
20016194,0
20016207,0
20016230,0
20016236,0
20016239,0
20016258,0
20016261,0
20016265,0
20016292,0
20016293,1
20016295,0
20016300,0
20016306,0
20016336,0
20016347,0
20016360,0
20016361,0
20016409,0
20016445,0
20016451,0
20016452,0
20016453,0
20016473,0
20016474,0
20016476,0
20016490,0
20016509,1
20016517,0
20016533,0
20016539,0
20016554,0
20016563,0
20016579,0
20016595,0
20016660,0
20016668,0
20016685,0
20016707,0
20016709,0
20016733,0
20016742,0
20016743,0
20016756,0
20016758,0
20016771,0
20016777,0
20016799,0
20016808,1
20016825,0
20016834,0
20016849,0
20016851,0
20016854,0
20016884,0
20016908,0
20016923,0
20016928,0
20016958,0
20016968,0
20016972,0
20016988,0
20016992,0
20016996,0
20017014,0
20017047,0
20017090,0
20017091,0
20017124,0
20017140,0
20017175,0
20017176,0
20017180,0
20017203,0
20017220,0
20017223,1
20017232,0
20017244,0
20017272,0
20017282,0
20017298,0
20017301,0
20017307,0
20017321,0
20017342,0
20017365,0
20017391,0
20017395,0
20017402,0
20017407,0
20017431,0
20017435,0
20017448,0
20017449,0
20017468,0
20017475,0
20017522,0
20017523,0
20017525,0
20017527,1
20017532,0
20017539,0
20017543,0
20017552,0
20017563,0
20017566,0
20017573,0
20017583,0
20017589,0
20017603,0
20017605,0
20017631,0
20017650,0
20017657,0
20017664,0
20017676,0
20017696,0
20017726,0
20017727,0
20017733,0
20017735,0
20017738,0
20017761,0
20017764,0
20017793,0
20017804,0
20017808,0
20017816,0
20017818,0
20017821,0
20017907,0
20017909,0
20017914,0
20017916,0
20017921,0
20017927,0
20017989,0
20017990,0
20018004,0
20018006,0
20018015,0
20018018,0
20018032,0
20018033,1
20018042,0
20018045,0
20018054,0
20018077,0
20018079,0
20018094,0
20018106,0
20018109,0
20018113,0
20018128,0
20018139,0
20018152,0
20018157,0
20018159,0
20018174,0
20018177,0
20018189,0
20018193,0
20018219,0
20018226,0
20018232,0
20018233,0
20018247,0
20018284,0
20018288,0
20018304,0
20018312,1
20018329,0
20018355,1
20018374,0
20018396,0
20018397,0
20018399,0
20018404,0
20018405,0
20018406,0
20018423,0
20018438,0
20018442,0
20018453,0
20018519,0
20018522,0
20018524,1
20018528,0
20018536,0
20018538,0
20018541,1
20018547,0
20018555,0
20018561,0
20018563,0
20018577,1
20018587,1
20018602,0
20018609,0
20018621,0
20018626,0
20018643,0
20018652,0
20018678,0
20018684,0
20018703,0
20018713,0
20018731,0
20018734,0
20018774,0
20018796,0
20018801,0
20018815,0
20018819,0
20018826,0
20018833,0
20018834,0
20018839,0
20018846,0
20018861,0
20018874,0
20018892,0
20018894,0
20018917,0
20018923,0
20018933,0
20018935,0
20018936,0
20018937,0
20018954,0
20018987,0
20019010,0
20019014,0
20019040,0
20019051,0
20019054,0
20019066,1
20019085,0
20019093,0
20019119,0
20019131,0
20019133,0
20019136,0
20019142,1
20019144,0
20019160,0
20019161,0
20019163,0
20019181,0
20019192,0
20019195,1
20019253,0
20019263,0
20019268,0
20019272,0
20019285,0
20019286,0
20019293,0
20019309,0
20019313,0
20019316,0
20019318,0
20019320,1
20019321,0
20019325,0
20019328,0
20019373,0
20019380,0
20019382,0
20019387,0
20019388,1
20019396,1
20019399,0
20019426,0
20019429,0
20019447,0
20019450,0
20019464,0
20019479,0
20019494,0
20019506,0
20019510,0
20019512,0
20019536,0
20019542,0
20019548,0
20019553,0
20019555,0
20019567,0
20019598,0
20019600,0
20019606,1
20019622,0
20019625,0
20019630,0
20019632,0
20019654,0
20019660,0
20019671,0
20019677,0
20019693,0
20019694,0
20019705,0
20019715,0
20019733,0
20019740,0
20019743,0
20019757,0
20019811,0
20019845,0
20019864,0
20019869,0
20019879,0
20019888,0
20019904,0
20019924,0
20019926,0
20019950,0
20019955,0
20019958,0
20019967,0
20019994,0
20019998,0
20020001,0
20020013,0
20020017,0
20020028,0
20020030,1
20020046,0
20020060,0
20020101,0
20020131,0
20020134,0
20020136,0
20020153,0
20020159,0
20020176,0
20020190,0
20020193,0
20020210,0
20020227,0
20020235,0
20020246,1
20020248,0
20020293,0
20020312,0
20020314,0
20020359,0
20020370,0
20020374,0
20020420,0
20020441,0
20020442,0
20020451,0
20020476,0
20020478,0
20020488,0
20020500,0
20020514,0
20020523,0
20020533,0
20020555,0
20020564,0
20020573,0
20020618,0
20020627,0
20020634,0
20020650,0
20020662,0
20020666,0
20020681,1
20020690,0
20020702,0
20020704,0
20020709,0
20020715,0
20020717,0
20020719,0
20020729,0
20020732,1
20020734,0
20020743,0
20020749,0
20020751,0
20020759,0
20020769,0
20020791,0
20020800,0
20020801,0
20020808,0
20020832,0
20020847,1
20020860,0
20020868,0
20020886,0
20020907,0
20020917,0
20020937,0
20020974,0
20020976,0
20020990,0
20021006,0
20021018,0
20021026,0
20021030,0
20021042,0
20021052,0
20021054,0
20021066,0
20021088,0
20021094,0
20021134,0
20021136,0
20021157,0
20021170,0
20021177,0
20021195,0
20021218,1
20021220,0
20021221,0
20021222,0
20021224,0
20021254,0
20021255,0
20021262,0
20021274,0
20021280,0
20021285,0
20021293,0
20021300,0
20021301,0
20021305,0
20021312,0
20021319,0
20021321,0
20021329,0
20021345,0
20021350,0
20021360,0
20021379,1
20021392,0
20021401,0
20021403,1
20021405,0
20021416,0
20021426,0
20021428,0
20021435,0
20021436,0
20021471,0
20021475,0
20021482,0
20021515,0
20021526,0
20021531,0
20021533,0
20021541,0
20021542,0
20021545,0
20021564,0
20021566,1
20021567,0
20021569,0
20021588,0
20021601,0
20021605,0
20021612,0
20021651,0
20021660,0
20021684,0
20021702,1
20021716,0
20021748,1
20021801,0
20021802,0
20021836,0
20021851,0
20021865,0
20021869,1
20021887,0
20021893,0
20021904,1
20021909,0
20021915,0
20021920,0
20021926,1
20021927,0
20021930,1
20021932,0
20021948,0
20021950,0
20021983,0
20022011,0
20022017,0
20022064,0
20022076,0
20022078,0
20022079,0
20022095,0
20022107,0
20022133,0
20022137,0
20022174,0
20022180,0
20022181,0
20022199,0
20022202,0
20022224,0
20022231,0
20022242,0
20022323,0
20022347,0
20022356,0
20022364,0
20022423,0
20022443,0
20022465,0
20022478,0
20022502,0
20022523,0
20022525,0
20022538,0
20022558,0
20022595,0
20022605,0
20022610,0
20022625,0
20022632,0
20022634,0
20022672,0
20022677,0
20022697,0
20022708,0
20022726,0
20022733,0
20022748,0
20022751,0
20022776,0
20022788,0
20022790,0
20022795,0
20022797,0
20022803,0
20022811,0
20022814,0
20022818,0
20022823,0
20022841,0
20022856,0
20022879,0
20022924,1
20022935,0
20022936,0
20022940,0
20022944,0
20022950,0
20022995,0
20023011,0
20023023,1
20023040,0
20023049,0
20023061,0
20023069,0
20023074,0
20023103,0
20023104,0
20023115,0
20023122,0
20023130,0
20023137,0
20023139,0
20023142,0
20023160,0
20023188,0
20023199,0
20023211,0
20023215,1
20023217,0
20023219,0
20023228,0
20023230,0
20023250,0
20023252,0
20023260,0
20023304,1
20023305,0
20023325,0
20023332,0
20023334,0
20023335,0
20023337,0
20023342,0
20023354,0
20023362,0
20023371,0
20023374,0
20023455,0
20023457,0
20023465,0
20023478,0
20023487,0
20023490,0
20023505,0
20023535,0
20023536,0
20023548,0
20023550,0
20023552,0
20023568,0
20023581,0
20023625,0
20023627,0
20023655,0
20023658,0
20023660,0
20023676,0
20023722,0
20023764,0
20023772,0
20023774,0
20023777,0
20023792,0
20023797,1
20023817,1
20023819,0
20023839,0
20023851,0
20023858,0
20023868,0
20023872,0
20023881,0
20023883,0
20023896,0
20023897,0
20023903,0
20023914,0
20023915,0
20023922,1
20023936,0
20023941,0
20023944,0
20023945,0
20023951,0
20023953,0
20023976,0
20023977,0
20023988,1
20023992,0
20023999,0
20024007,0
20024009,0
20024010,1
20024013,0
20024014,0
20024033,0
20024039,0
20024055,0
20024058,0
20024064,1
20024092,0
20024095,0
20024097,0
20024121,0
20024133,0
20024155,0
20024161,0
20024166,0
20024194,0
20024224,0
20024236,0
20024239,0
20024267,0
20024290,0
20024309,1
20024312,0
20024314,0
20024328,0
20024345,0
20024361,0
20024375,0
20024391,0
20024397,0
20024409,0
20024435,0
20024451,0
20024469,0
20024478,0
20024481,0
20024495,0
20024500,0
20024506,0
20024526,0
20024536,0
20024539,0
20024557,0
20024559,0
20024572,0
20024583,0
20024603,0
20024608,0
20024619,0
20024655,1
20024702,0
20024711,0
20024712,0
20024720,0
20024744,0
20024754,0
20024760,0
20024778,0
20024794,0
20024799,0
20024815,0
20024818,0
20024826,0
20024856,0
20024861,0
20024872,0
20024891,0
20024899,0
20024901,0
20024911,0
20024914,0
20024944,0
20024952,0
20024990,0
20025000,0
20025010,0
20025013,0
20025027,0
20025041,0
20025053,1
20025054,0
20025092,0
20025135,0
20025139,0
20025164,0
20025189,0
20025192,0
20025198,0
20025200,0
20025222,0
20025227,1
20025250,0
20025253,0
20025279,0
20025312,1
20025350,0
20025354,0
20025363,1
20025370,0
20025371,0
20025374,0
20025399,0
20025401,1
20025428,1
20025432,0
20025450,0
20025458,0
20025473,0
20025510,1
20025517,0
20025523,1
20025530,0
20025579,0
20025592,0
20025604,1
20025605,0
20025606,1
20025633,0
20025643,0
20025661,0
20025662,0
20025666,0
20025669,0
20025670,0
20025705,0
20025708,0
20025710,0
20025744,0
20025767,0
20025772,0
20025799,1
20025813,1
20025857,0
20025871,1
20025884,0
20025901,0
20025906,0
20025920,0
20025930,0
20025940,0
20025954,0
20025956,0
20025963,0
20025975,0
20025987,0
20026009,0
20026022,0
20026035,0
20026039,0
20026045,0
20026048,0
20026049,0
20026084,0
20026121,0
20026130,0
20026137,0
20026143,0
20026155,0
20026173,0
20026224,0
20026280,0
20026283,0
20026300,0
20026335,0
20026343,0
20026377,0
20026405,0
20026417,0
20026461,0
20026466,0
20026471,0
20026495,0
20026501,0
20026503,0
20026511,0
20026524,0
20026528,0
20026549,0
20026605,0
20026642,0
20026663,0
20026667,0
20026669,0
20026674,0
20026683,0
20026700,0
20026711,0
20026713,0
20026737,0
20026742,0
20026748,1
20026750,0
20026754,0
20026767,0
20026793,0
20026795,0
20026796,0
20026801,0
20026802,0
20026807,0
20026818,0
20026836,0
20026867,0
20026882,0
20026886,0
20026913,0
20026923,0
20026932,0
20026934,0
20026935,0
20026945,0
20026967,0
20026994,0
20026997,0
20027004,0
20027007,0
20027016,0
20027019,0
20027030,0
20027041,0
20027042,0
20027050,0
20027069,0
20027087,0
20027120,0
20027127,0
20027133,0
20027137,0
20027145,0
20027189,0
20027199,0
20027206,0
20027208,0
20027221,0
20027240,0
20027252,1
20027273,0
20027282,0
20027284,0
20027325,0
20027364,0
20027387,0
20027391,1
20027451,0
20027456,0
20027468,0
20027473,1
20027478,0
20027496,0
20027499,0
20027501,0
20027502,0
20027526,0
20027578,0
20027583,0
20027586,0
20027597,0
20027607,0
20027625,0
20027626,0
20027630,0
20027639,0
20027669,0
20027678,0
20027717,0
20027718,0
20027726,0
20027733,0
20027752,0
20027768,0
20027797,0
20027813,0
20027819,0
20027824,0
20027827,0
20027845,0
20027872,0
20027875,0
20027882,0
20027883,0
20027889,0
20027897,0
20027898,0
20027909,0
20027926,0
20027929,0
20027946,0
20027949,0
20027953,0
20028005,0
20028025,0
20028034,1
20028047,0
20028068,0
20028081,0
20028085,0
20028089,0
20028095,0
20028103,0
20028116,0
20028176,0
20028185,0
20028199,0
20028204,0
20028213,0
20028248,0
20028258,0
20028277,0
20028282,0
20028292,0
20028298,0
20028349,0
20028358,0
20028363,0
20028373,0
20028377,0
20028379,0
20028397,0
20028426,0
20028443,0
20028448,0
20028468,1
20028476,0
20028485,1
20028500,0
20028532,0
20028566,1
20028569,0
20028572,0
20028606,0
20028611,0
20028626,0
20028661,0
20028708,0
20028724,0
20028726,0
20028741,0
20028744,0
20028749,0
20028755,0
20028767,0
20028776,0
20028786,0
20028788,0
20028819,0
20028839,0
20028846,0
20028853,0
20028856,0
20028858,0
20028861,0
20028872,0
20028884,0
20028898,0
20028900,0
20028903,0
20028937,0
20028944,0
20028954,0
20028975,0
20028977,0
20028983,0
20028984,0
20028993,0
20028997,0
20029013,0
20029025,0
20029036,0
20029048,0
20029057,0
20029082,0
20029122,0
20029124,0
20029125,1
20029138,0
20029144,0
20029145,0
20029146,0
20029155,1
20029166,0
20029193,0
20029194,0
20029216,0
20029242,1
20029260,0
20029295,0
20029317,0
20029327,1
20029340,0
20029346,0
20029354,0
20029363,0
20029375,0
20029378,0
20029382,0
20029401,0
20029415,0
20029417,0
20029431,0
20029432,0
20029438,0
20029439,0
20029442,1
20029444,0
20029472,0
20029477,0
20029481,0
20029505,0
20029513,0
20029523,0
20029534,0
20029541,0
20029554,0
20029578,0
20029582,0
20029592,0
20029593,0
20029613,0
20029620,0
20029677,0
20029680,0
20029683,0
20029691,0
20029705,0
20029713,0
20029721,1
20029725,1
20029728,0
20029738,0
20029748,0
20029759,0
20029766,1
20029770,0
20029771,1
20029776,0
20029820,0
20029831,0
20029840,0
20029848,0
20029850,0
20029857,0
20029863,0
20029875,0
20029876,0
20029885,0
20029903,0
20029910,0
20029914,0
20029916,0
20029922,0
20029924,0
20029941,0
20029945,0
20029951,0
20029953,0
20029963,0
20029966,0
20029979,0
20029985,0
20029989,0
20029994,0
20029995,0
20029998,0
20030002,0
20030021,0
20030024,0
20030032,0
20030051,0
20030054,0
20030066,0
20030075,0
20030079,0
20030110,0
20030121,0
20030130,0
20030152,0
20030178,0
20030180,0
20030182,0
20030246,0
20030265,0
20030268,0
20030295,0
20030314,0
20030321,0
20030326,0
20030337,0
20030355,0
20030391,0
20030431,0
20030440,0
20030455,0
20030475,0
20030496,0
20030500,0
20030510,0
20030522,0
20030530,0
20030548,0
20030581,0
20030583,0
20030586,0
20030600,0
20030609,0
20030628,0
20030631,0
20030683,0
20030721,0
20030748,0
20030751,0
20030766,0
20030780,0
20030792,0
20030807,0
20030817,0
20030851,0
20030862,0
20030881,0
20030889,0
20030901,0
20030909,0
20030928,0
20030935,0
20030956,0
20030962,0
20030978,0
20030983,0
20031031,0
20031057,0
20031096,0
20031101,0
20031126,0
20031137,0
20031143,1
20031146,0
20031150,0
20031159,0
20031181,0
20031222,0
20031227,0
20031229,0
20031245,0
20031262,0
20031263,0
20031286,0
20031296,0
20031301,0
20031325,0
20031368,0
20031397,0
20031411,1
20031413,0
20031429,0
20031438,0
20031472,0
20031478,0
20031503,0
20031514,0
20031519,0
20031520,1
20031544,0
20031549,0
20031551,0
20031559,0
20031582,0
20031615,0
20031620,0
20031630,0
20031632,0
20031640,0
20031647,1
20031655,0
20031662,0
20031668,0
20031732,0
20031744,0
20031752,0
20031754,0
20031759,0
20031783,0
20031792,0
20031799,0
20031805,0
20031821,0
20031839,0
20031850,1
20031857,0
20031921,0
20031933,0
20031944,0
20031957,0
20031964,0
20031977,0
20031982,0
20031994,0
20031996,0
20031998,0
20031999,1
20032002,0
20032005,0
20032019,0
20032045,1
20032056,0
20032064,0
20032067,0
20032077,1
20032083,1
20032089,1
20032108,0
20032109,0
20032117,0
20032149,0
20032150,0
20032164,0
20032171,0
20032185,0
20032195,0
20032202,0
20032206,0
20032208,0
20032212,0
20032218,0
20032223,0
20032227,0
20032239,0
20032243,0
20032250,0
20032259,0
20032267,0
20032272,1
20032338,0
20032357,0
20032404,1
20032420,0
20032458,0
20032474,0
20032483,0
20032489,0
20032515,0
20032531,0
20032554,0
20032559,0
20032577,0
20032588,0
20032594,0
20032599,0
20032627,0
20032633,0
20032644,0
20032666,0
20032696,0
20032700,0
20032721,0
20032738,0
20032741,0
20032762,0
20032783,0
20032789,0
20032797,0
20032812,0
20032823,0
20032834,0
20032853,0
20032857,0
20032860,0
20032864,0
20032875,0
20032890,0
20032894,0
20032904,0
20032908,1
20032915,0
20032937,0
20032943,0
20032959,0
20032962,0
20032968,0
20033013,0
20033015,0
20033024,0
20033048,0
20033052,0
20033055,0
20033056,0
20033063,0
20033072,0
20033103,0
20033108,1
20033113,0
20033126,1
20033132,0
20033134,0
20033150,0
20033152,0
20033153,0
20033159,0
20033170,0
20033186,0
20033189,0
20033192,0
20033229,1
20033235,0
20033273,0
20033274,0
20033275,0
20033291,0
20033297,0
20033298,0
20033299,0
20033300,0
20033311,0
20033322,0
20033327,0
20033344,0
20033347,0
20033370,1
20033401,0
20033415,0
20033428,0
20033430,0
20033448,0
20033452,0
20033473,0
20033478,0
20033486,0
20033498,0
20033521,1
20033538,0
20033563,0
20033565,0
20033566,0
20033609,0
20033611,0
20033630,0
20033651,0
20033665,0
20033695,0
20033700,0
20033719,0
20033724,0
20033742,0
20033751,0
20033755,0
20033775,0
20033804,0
20033819,0
20033822,1
20033857,0
20033874,0
20033895,0
20033903,0
20033917,0
20033922,0
20033929,0
20033931,0
20033946,0
20033959,0
20033962,0
20033963,0
20033974,0
20033982,0
20034000,1
20034002,0
20034005,0
20034013,0
20034017,0
20034024,0
20034049,0
20034052,0
20034066,0
20034068,0
20034070,0
20034084,0
20034097,0
20034118,0
20034155,0
20034172,0
20034177,0
20034188,0
20034196,0
20034206,0
20034217,0
20034224,0
20034258,0
20034283,0
20034285,0
20034300,0
20034309,0
20034316,1
20034319,0
20034329,0
20034362,0
20034372,0
20034381,0
20034388,0
20034394,1
20034395,0
20034430,0
20034443,0
20034515,0
20034516,0
20034529,0
20034538,0
20034541,0
20034552,0
20034555,0
20034573,0
20034605,0
20034615,1
20034622,1
20034626,0
20034640,0
20034660,0
20034698,1
20034699,0
20034701,0
20034729,0
20034732,0
20034760,0
20034783,0
20034799,0
20034806,0
20034827,0
20034848,0
20034864,0
20034872,0
20034874,0
20034881,0
20034882,0
20034928,0
20034930,1
20034952,0
20034956,0
20034975,0
20034983,0
20034984,0
20034996,0
20034997,0
20035008,0
20035012,0
20035017,0
20035043,0
20035046,0
20035049,0
20035069,0
20035089,0
20035113,0
20035120,0
20035121,0
20035149,0
20035154,0
20035158,0
20035166,0
20035180,0
20035192,0
20035203,0
20035214,1
20035220,0
20035233,0
20035235,0
20035239,0
20035241,0
20035281,0
20035299,0
20035306,0
20035332,0
20035343,0
20035348,0
20035360,0
20035388,0
20035403,0
20035411,0
20035415,1
20035431,0
20035453,0
20035458,0
20035478,0
20035479,0
20035543,0
20035557,0
20035558,0
20035561,0
20035567,0
20035568,0
20035583,0
20035598,0
20035605,0
20035606,0
20035621,0
20035625,1
20035654,0
20035669,1
20035675,0
20035697,0
20035766,0
20035785,0
20035786,0
20035787,0
20035789,0
20035814,0
20035826,0
20035859,0
20035866,0
20035884,0
20035890,0
20035899,0
20035904,0
20035930,0
20035932,0
20035951,0
20035952,1
20035953,0
20035970,0
20035984,0
20035995,0
20035997,0
20036004,0
20036043,0
20036047,0
20036049,0
20036051,0
20036052,0
20036071,0
20036082,0
20036083,0
20036102,0
20036108,0
20036120,0
20036146,0
20036170,0
20036179,0
20036196,0
20036202,0
20036206,0
20036212,0
20036238,0
20036278,0
20036283,1
20036295,0
20036312,0
20036316,0
20036337,0
20036339,0
20036343,0
20036362,0
20036372,0
20036374,0
20036382,0
20036388,0
20036395,0
20036399,0
20036410,0
20036415,0
20036416,0
20036419,0
20036423,0
20036459,0
20036508,0
20036520,0
20036550,0
20036560,0
20036585,0
20036593,0
20036602,0
20036612,0
20036620,0
20036631,0
20036635,0
20036662,0
20036672,0
20036674,0
20036693,0
20036707,1
20036709,0
20036710,0
20036718,0
20036722,0
20036729,0
20036739,0
20036768,0
20036777,0
20036782,0
20036799,0
20036812,0
20036819,0
20036847,0
20036857,0
20036894,0
20036948,0
20036964,0
20036978,0
20036989,0
20036990,0
20037021,0
20037042,0
20037051,0
20037062,0
20037098,0
20037101,0
20037113,0
20037151,0
20037157,0
20037167,0
20037169,0
20037170,0
20037185,0
20037226,0
20037239,0
20037245,0
20037254,0
20037273,0
20037306,0
20037314,0
20037329,0
20037331,0
20037337,0
20037345,0
20037353,0
20037355,0
20037356,0
20037397,0
20037405,0
20037430,0
20037436,0
20037451,0
20037452,0
20037468,0
20037481,0
20037486,0
20037493,0
20037499,0
20037528,0
20037537,1
20037548,0
20037549,0
20037559,1
20037567,0
20037578,0
20037588,0
20037591,0
20037594,0
20037619,0
20037622,0
20037646,0
20037682,0
20037689,0
20037695,0
20037722,0
20037774,0
20037789,0
20037792,0
20037803,0
20037818,0
20037824,0
20037829,0
20037842,0
20037846,0
20037861,0
20037876,0
20037897,0
20037901,0
20037912,0
20037934,0
20037940,0
20037954,0
20037955,0
20037960,0
20037978,0
20037985,0
20037995,0
20037997,0
20038023,0
20038025,0
20038029,0
20038050,0
20038065,0
20038078,0
20038082,0
20038089,0
20038091,0
20038102,0
20038120,0
20038139,0
20038154,0
20038177,0
20038184,0
20038203,0
20038218,0
20038228,0
20038238,0
20038242,0
20038246,0
20038248,0
20038286,0
20038298,0
20038329,0
20038334,0
20038344,0
20038349,0
20038377,0
20038406,0
20038407,0
20038410,0
20038425,0
20038438,0
20038446,0
20038447,0
20038450,0
20038453,0
20038456,0
20038457,1
20038462,0
20038463,0
20038472,0
20038475,0
20038490,0
20038504,0
20038520,0
20038523,0
20038527,0
20038540,0
20038545,0
20038576,0
20038595,0
20038606,0
20038633,0
20038649,0
20038661,0
20038664,0
20038671,0
20038684,0
20038714,0
20038720,1
20038727,0
20038731,0
20038736,0
20038745,0
20038751,0
20038774,0
20038781,0
20038822,0
20038842,0
20038845,0
20038857,0
20038876,0
20038878,0
20038888,1
20038901,0
20038914,0
20038946,1
20038950,1
20038959,0
20038984,0
20039031,0
20039033,1
20039052,0
20039076,0
20039081,0
20039091,0
20039134,0
20039149,0
20039163,0
20039175,0
20039180,0
20039185,0
20039211,0
20039216,0
20039218,0
20039239,0
20039248,0
20039250,1
20039272,0
20039274,0
20039290,0
20039316,0
20039317,0
20039326,0
20039328,0
20039352,1
20039357,0
20039383,0
20039410,0
20039412,0
20039418,0
20039446,0
20039517,0
20039533,0
20039551,0
20039553,1
20039559,0
20039584,0
20039603,0
20039646,1
20039653,0
20039668,0
20039708,0
20039710,0
20039754,0
20039756,0
20039767,0
20039778,0
20039792,0
20039793,0
20039803,0
20039805,0
20039813,0
20039820,0
20039838,0
20039861,1
20039886,0
20039892,0
20039895,0
20039914,0
20039922,1
20039931,0
20039937,0
20039938,0
20039941,0
20039944,0
20039957,0
20039970,0
20039978,0
20040004,0
20040029,0
20040051,0
20040059,0
20040078,0
20040086,0
20040090,0
20040100,0
20040124,1
20040128,0
20040140,0
20040149,1
20040158,0
20040169,0
20040170,1
20040175,0
20040182,0
20040184,0
20040204,0
20040208,0
20040211,0
20040215,0
20040243,0
20040254,0
20040306,0
20040313,0
20040317,0
20040334,0
20040335,0
20040401,0
20040402,0
20040403,0
20040421,1
20040423,0
20040444,0
20040445,1
20040452,0
20040478,1
20040483,0
20040501,0
20040508,0
20040548,0
20040578,0
20040584,0
20040618,0
20040620,0
20040625,0
20040633,0
20040641,0
20040659,0
20040666,0
20040671,0
20040693,0
20040695,0
20040706,0
20040794,0
20040801,0
20040811,0
20040816,0
20040822,0
20040827,0
20040845,0
20040851,1
20040858,0
20040875,0
20040878,0
20040901,0
20040908,0
20040914,0
20040944,0
20040946,0
20040954,1
20040955,0
20040968,0
20040998,0
20041003,0
20041020,0
20041032,0
20041037,0
20041051,1
20041056,0
20041070,0
20041076,0
20041079,0
20041117,0
20041123,0
20041127,0
20041163,0
20041181,0
20041185,0
20041198,0
20041222,0
20041233,0
20041235,0
20041245,0
20041253,0
20041278,0
20041280,0
20041287,0
20041289,0
20041322,0
20041343,0
20041356,0
20041399,0
20041404,0
20041407,1
20041427,0
20041431,0
20041438,0
20041450,0
20041457,1
20041462,0
20041482,0
20041487,0
20041503,0
20041509,0
20041514,0
20041517,0
20041526,0
20041543,0
20041548,1
20041559,0
20041570,0
20041584,1
20041594,0
20041609,0
20041628,0
20041637,0
20041652,0
20041656,0
20041657,0
20041665,0
20041680,0
20041683,0
20041689,0
20041696,0
20041709,0
20041724,0
20041728,0
20041740,0
20041749,0
20041760,0
20041769,0
20041779,0
20041787,0
20041796,0
20041808,0
20041817,0
20041833,0
20041845,0
20041867,0
20041887,0
20041893,0
20041905,0
20041907,0
20041912,1
20041976,0
20042011,0
20042028,0
20042030,0
20042049,0
20042051,0
20042064,0
20042082,0
20042084,0
20042086,0
20042095,0
20042104,1
20042113,0
20042136,1
20042140,0
20042143,0
20042145,0
20042146,0
20042179,0
20042190,0
20042201,0
20042211,1
20042214,0
20042226,0
20042242,0
20042257,0
20042261,0
20042274,0
20042276,0
20042280,1
20042283,0
20042292,0
20042296,0
20042309,0
20042317,0
20042318,0
20042321,0
20042324,1
20042328,0
20042340,1
20042358,0
20042364,1
20042371,0
20042372,0
20042394,0
20042396,0
20042398,0
20042417,0
20042425,0
20042454,0
20042476,0
20042481,0
20042508,0
20042533,0
20042556,0
20042566,0
20042576,0
20042579,0
20042595,0
20042618,0
20042619,1
20042633,0
20042646,1
20042647,0
20042676,0
20042678,0
20042688,0
20042693,0
20042713,0
20042719,1
20042721,0
20042732,0
20042749,0
20042780,0
20042782,0
20042819,0
20042826,0
20042833,0
20042835,0
20042836,0
20042838,0
20042868,0
20042879,0
20042894,0
20042895,0
20042920,1
20042939,0
20042941,0
20042953,0
20042954,0
20042962,0
20042967,0
20042979,0
20042999,0
20043001,0
20043006,0
20043011,0
20043018,0
20043028,0
20043032,0
20043039,0
20043067,0
20043086,0
20043103,1
20043126,0
20043133,0
20043161,0
20043176,0
20043193,0
20043196,0
20043201,0
20043226,0
20043229,0
20043230,0
20043244,0
20043257,0
20043299,0
20043308,0
20043311,0
20043346,0
20043347,0
20043376,0
20043383,0
20043385,0
20043395,0
20043407,0
20043423,0
20043424,0
20043425,0
20043435,0
20043439,0
20043442,0
20043457,0
20043476,0
20043483,0
20043502,0
20043520,0
20043531,0
20043541,0
20043543,0
20043554,0
20043570,0
20043595,0
20043603,0
20043628,0
20043635,0
20043637,0
20043640,0
20043654,0
20043665,0
20043685,0
20043694,0
20043711,0
20043717,0
20043726,1
20043744,0
20043771,0
20043774,0
20043789,0
20043818,1
20043832,0
20043838,0
20043843,0
20043855,0
20043889,0
20043892,0
20043937,0
20043970,0
20043984,0
20043989,0
20044001,0
20044030,1
20044097,0
20044122,0
20044131,1
20044134,0
20044155,0
20044167,0
20044224,0
20044231,1
20044232,0
20044263,0
20044275,0
20044299,0
20044305,0
20044307,0
20044316,0
20044324,0
20044401,0
20044413,0
20044417,1
20044429,0
20044434,0
20044439,0
20044452,0
20044470,0
20044473,0
20044493,0
20044498,0
20044521,0
20044522,0
20044544,0
20044558,0
20044562,0
20044573,0
20044586,0
20044595,0
20044601,0
20044649,0
20044654,0
20044659,0
20044663,0
20044680,0
20044681,0
20044684,0
20044704,0
20044717,1
20044719,0
20044733,0
20044744,0
20044752,0
20044781,0
20044799,0
20044803,0
20044807,0
20044829,0
20044833,0
20044868,0
20044875,0
20044902,0
20044924,0
20044932,0
20044943,0
20044964,0
20044979,0
20045025,0
20045026,0
20045038,0
20045044,0
20045047,1
20045050,0
20045055,1
20045062,0
20045075,0
20045078,0
20045094,0
20045123,0
20045129,0
20045131,0
20045137,0
20045138,0
20045140,0
20045157,0
20045161,0
20045171,1
20045178,0
20045184,0
20045186,0
20045202,0
20045215,0
20045227,0
20045233,0
20045238,0
20045248,0
20045266,1
20045273,0
20045281,0
20045284,0
20045288,0
20045340,0
20045357,1
20045371,0
20045398,0
20045414,0
20045417,0
20045423,0
20045431,0
20045436,0
20045449,0
20045488,0
20045497,0
20045504,0
20045512,0
20045519,0
20045522,0
20045525,0
20045526,0
20045546,0
20045560,0
20045596,0
20045607,0
20045612,0
20045677,0
20045717,0
20045718,0
20045719,0
20045729,0
20045731,0
20045756,0
20045762,0
20045768,0
20045780,0
20045813,0
20045827,0
20045832,0
20045833,0
20045849,1
20045891,0
20045901,0
20045902,0
20045915,0
20045918,0
20045920,0
20045928,0
20045952,0
20045970,0
20045984,0
20045990,0
20046006,0
20046020,0
20046023,0
20046040,0
20046050,0
20046053,0
20046055,1
20046058,0
20046080,0
20046084,0
20046103,0
20046104,0
20046110,0
20046119,0
20046125,0
20046133,1
20046147,0
20046154,0
20046183,0
20046201,0
20046209,0
20046227,0
20046239,0
20046243,0
20046280,0
20046282,0
20046297,0
20046325,0
20046332,0
20046337,0
20046352,0
20046373,0
20046377,0
20046378,1
20046390,0
20046402,0
20046406,0
20046443,0
20046492,0
20046502,0
20046515,0
20046516,0
20046529,0
20046536,0
20046554,0
20046582,0
20046587,0
20046593,0
20046594,0
20046599,0
20046631,0
20046672,0
20046687,0
20046701,0
20046706,0
20046738,0
20046740,0
20046745,0
20046747,0
20046758,0
20046762,0
20046787,0
20046793,0
20046799,0
20046800,1
20046808,0
20046816,0
20046820,0
20046832,0
20046839,0
20046843,0
20046844,0
20046867,0
20046878,0
20046890,0
20046898,0
20046903,0
20046915,1
20046916,0
20046918,0
20046919,0
20046942,0
20046949,0
20046955,0
20046969,0
20046982,0
20046990,0
20047002,0
20047019,0
20047021,0
20047036,0
20047050,0
20047053,0
20047054,0
20047060,0
20047066,0
20047099,0
20047117,0
20047129,0
20047131,1
20047153,0
20047176,0
20047178,0
20047179,0
20047186,0
20047200,0
20047201,0
20047213,0
20047233,0
20047265,0
20047280,0
20047287,0
20047288,0
20047296,0
20047317,0
20047361,0
20047362,1
20047382,0
20047412,0
20047414,0
20047416,0
20047436,0
20047437,0
20047450,0
20047459,0
20047462,0
20047469,1
20047471,0
20047497,0
20047505,0
20047507,0
20047528,1
20047533,0
20047542,0
20047562,0
20047568,0
20047578,0
20047579,0
20047601,0
20047605,0
20047606,0
20047612,0
20047621,0
20047636,1
20047663,0
20047665,0
20047669,0
20047671,0
20047685,0
20047691,0
20047694,0
20047699,0
20047702,0
20047711,0
20047713,0
20047735,0
20047753,0
20047754,0
20047774,0
20047799,0
20047809,0
20047813,0
20047814,0
20047833,0
20047857,0
20047861,0
20047863,0
20047875,1
20047877,0
20047890,0
20047897,0
20047913,0
20047959,0
20047972,0
20047974,0
20047985,0
20047997,0
20048030,0
20048032,0
20048042,0
20048046,0
20048050,0
20048107,0
20048111,0
20048112,0
20048118,1
20048122,0
20048124,0
20048133,0
20048135,0
20048136,0
20048147,0
20048157,0
20048162,0
20048167,1
20048176,0
20048178,0
20048197,0
20048210,0
20048263,0
20048319,0
20048331,0
20048361,0
20048366,0
20048386,0
20048391,1
20048394,0
20048415,0
20048418,0
20048435,0
20048450,0
20048494,0
20048507,0
20048515,0
20048518,0
20048524,0
20048551,0
20048583,0
20048603,0
20048608,1
20048622,1
20048624,0
20048655,0
20048663,0
20048682,0
20048698,0
20048725,0
20048752,0
20048773,0
20048776,0
20048778,0
20048794,0
20048830,1
20048849,0
20048851,0
20048859,0
20048882,0
20048889,0
20048910,0
20048926,0
20048982,0
20048986,0
20048990,0
20048992,0
20049010,0
20049030,0
20049041,0
20049046,0
20049051,0
20049075,0
20049118,0
20049137,0
20049142,0
20049144,0
20049167,0
20049191,0
20049217,0
20049219,0
20049254,0
20049266,0
20049283,1
20049316,0
20049336,0
20049342,0
20049360,0
20049376,0
20049379,0
20049381,1
20049384,0
20049405,0
20049416,0
20049417,0
20049426,0
20049438,0
20049453,1
20049467,0
20049470,0
20049477,0
20049481,0
20049484,0
20049487,0
20049502,0
20049521,0
20049559,1
20049581,1
20049582,0
20049600,1
20049614,1
20049626,0
20049627,0
20049653,0
20049667,0
20049692,0
20049702,0
20049718,0
20049723,0
20049728,0
20049733,0
20049752,0
20049780,0
20049787,0
20049798,0
20049805,0
20049823,0
20049833,0
20049841,0
20049883,1
20049885,0
20049890,0
20049902,0
20049906,0
20049920,0
20049923,0
20049994,0
20050015,0
20050024,0
20050027,0
20050034,0
20050037,0
20050058,0
20050072,0
20050074,0
20050089,0
20050102,0
20050106,0
20050111,0
20050123,0
20050174,1
20050179,1
20050197,0
20050199,0
20050210,0
20050238,0
20050245,0
20050252,0
20050267,0
20050285,0
20050289,1
20050290,0
20050295,0
20050303,0
20050341,0
20050344,1
20050345,0
20050390,0
20050398,0
20050400,0
20050428,0
20050429,0
20050432,0
20050446,0
20050464,1
20050524,0
20050548,0
20050564,0
20050583,0
20050611,0
20050638,0
20050643,0
20050644,0
20050681,1
20050703,0
20050726,0
20050735,0
20050738,0
20050753,0
20050757,0
20050796,1
20050803,0
20050865,0
20050895,0
20050905,1
20050908,0
20050909,0
20050916,0
20050934,0
20050958,0
20050962,0
20050967,0
20050974,0
20050981,0
20051017,0
20051019,0
20051020,1
20051098,1
20051103,1
20051105,0
20051106,0
20051119,0
20051124,0
20051127,1
20051153,0
20051162,0
20051175,0
20051184,0
20051203,0
20051206,0
20051216,0
20051234,0
20051242,0
20051260,0
20051266,0
20051271,0
20051305,0
20051315,0
20051329,0
20051349,0
20051401,0
20051409,0
20051424,0
20051428,0
20051432,0
20051435,1
20051451,0
20051456,0
20051470,0
20051472,0
20051480,0
20051507,0
20051509,0
20051511,0
20051516,0
20051535,0
20051545,0
20051549,0
20051578,0
20051581,0
20051618,0
20051624,1
20051654,0
20051665,0
20051683,1
20051694,0
20051707,0
20051710,0
20051733,0
20051736,0
20051740,0
20051744,1
20051771,1
20051774,0
20051797,0
20051810,0
20051815,0
20051827,0
20051834,0
20051845,0
20051870,0
20051871,0
20051913,0
20051914,1
20051918,0
20051934,1
20051939,0
20051950,0
20051954,0
20051964,1
20051968,0
20051979,0
20052006,0
20052012,0
20052024,0
20052033,0
20052058,0
20052064,1
20052073,0
20052096,0
20052097,0
20052103,0
20052108,0
20052120,0
20052141,0
20052176,0
20052182,0
20052197,0
20052213,0
20052219,0
20052223,0
20052234,0
20052273,0
20052304,0
20052338,0
20052362,0
20052382,0
20052399,0
20052403,1
20052418,0
20052439,0
20052441,0
20052451,0
20052479,0
20052481,0
20052485,0
20052492,0
20052505,0
20052510,0
20052522,0
20052525,0
20052542,0
20052560,0
20052574,0
20052583,0
20052604,0
20052609,0
20052619,0
20052646,0
20052662,0
20052670,1
20052674,0
20052677,0
20052715,0
20052723,0
20052739,0
20052745,0
20052755,0
20052771,0
20052777,0
20052796,0
20052826,0
20052828,0
20052842,0
20052853,0
20052865,0
20052870,0
20052871,0
20052922,0
20052965,0
20053003,0
20053015,0
20053031,0
20053057,1
20053058,0
20053070,0
20053084,0
20053099,0
20053108,0
20053118,0
20053123,0
20053150,0
20053153,1
20053159,0
20053166,0
20053170,0
20053171,0
20053173,0
20053184,0
20053194,0
20053200,0
20053225,0
20053239,0
20053258,0
20053261,0
20053265,0
20053275,0
20053305,0
20053316,0
20053320,0
20053328,0
20053351,0
20053395,0
20053400,0
20053401,0
20053405,0
20053410,0
20053441,0
20053442,0
20053452,0
20053458,0
20053460,0
20053469,0
20053476,0
20053498,0
20053502,1
20053531,0
20053540,0
20053565,0
20053583,0
20053602,0
20053604,0
20053611,0
20053613,0
20053647,1
20053658,0
20053672,1
20053684,0
20053702,1
20053703,0
20053735,0
20053755,0
20053764,1
20053773,1
20053802,0
20053803,0
20053807,0
20053830,0
20053835,0
20053842,1
20053867,0
20053905,0
20053929,0
20053932,0
20053950,0
20053951,0
20053961,0
20053997,0
20053998,0
20054028,0
20054037,1
20054047,0
20054084,0
20054098,0
20054114,0
20054120,1
20054132,0
20054141,0
20054147,0
20054173,0
20054194,0
20054204,0
20054216,0
20054249,1
20054266,0
20054278,0
20054302,0
20054309,0
20054328,0
20054331,0
20054335,0
20054342,0
20054357,0
20054364,0
20054368,0
20054393,0
20054411,0
20054424,0
20054437,0
20054439,0
20054450,0
20054451,0
20054458,0
20054461,0
20054465,0
20054472,0
20054491,0
20054497,0
20054522,0
20054523,0
20054530,0
20054545,0
20054551,0
20054580,0
20054589,0
20054595,0
20054618,1
20054632,0
20054641,0
20054662,0
20054664,0
20054693,1
20054698,0
20054702,0
20054715,0
20054723,0
20054725,0
20054740,0
20054742,0
20054749,0
20054751,0
20054759,0
20054774,0
20054781,0
20054802,0
20054807,0
20054809,0
20054847,0
20054849,0
20054851,0
20054854,0
20054858,0
20054878,0
20054883,0
20054912,0
20054934,0
20054940,0
20054963,0
20054990,0
20055011,0
20055015,0
20055018,0
20055032,0
20055035,0
20055036,0
20055040,0
20055056,0
20055065,0
20055092,0
20055105,0
20055110,0
20055114,0
20055118,1
20055122,0
20055128,0
20055150,0
20055160,0
20055167,0
20055168,0
20055176,0
20055177,0
20055179,0
20055180,0
20055193,0
20055203,0
20055226,0
20055229,0
20055249,0
20055256,0
20055259,0
20055261,0
20055266,0
20055269,0
20055271,0
20055274,1
20055278,0
20055307,1
20055325,0
20055335,0
20055352,0
20055355,0
20055368,0
20055393,0
20055394,0
20055401,1
20055417,0
20055419,0
20055427,0
20055428,0
20055435,0
20055441,0
20055443,0
20055454,0
20055470,0
20055473,1
20055477,0
20055479,0
20055492,0
20055497,0
20055506,0
20055516,0
20055527,0
20055540,0
20055556,0
20055559,0
20055583,0
20055587,0
20055591,0
20055602,0
20055609,0
20055615,1
20055635,0
20055641,0
20055648,0
20055659,1
20055699,0
20055700,0
20055703,0
20055715,0
20055733,0
20055737,0
20055745,0
20055752,0
20055766,0
20055771,0
20055790,0
20055829,0
20055848,0
20055859,0
20055860,0
20055875,0
20055882,0
20055901,0
20055921,0
20055962,0
20056014,0
20056019,0
20056022,0
20056042,0
20056056,0
20056062,0
20056063,0
20056065,1
20056067,0
20056081,0
20056095,0
20056098,0
20056101,0
20056118,0
20056125,0
20056144,0
20056147,0
20056168,0
20056175,0
20056177,0
20056183,0
20056200,0
20056202,0
20056231,0
20056254,0
20056259,0
20056272,0
20056292,0
20056293,0
20056296,0
20056318,0
20056329,0
20056331,0
20056341,0
20056343,0
20056347,0
20056350,0
20056356,0
20056370,0
20056373,0
20056389,0
20056403,0
20056413,0
20056415,1
20056435,0
20056449,0
20056455,0
20056462,0
20056464,0
20056470,0
20056472,0
20056479,0
20056504,0
20056529,0
20056547,0
20056555,0
20056557,0
20056564,1
20056580,0
20056590,0
20056601,1
20056610,0
20056625,0
20056656,0
20056678,0
20056710,0
20056715,0
20056718,0
20056723,0
20056745,1
20056750,0
20056757,0
20056765,0
20056801,0
20056826,0
20056838,0
20056856,0
20056862,0
20056866,0
20056868,0
20056875,1
20056880,0
20056890,0
20056891,0
20056912,0
20056923,0
20056927,0
20056943,0
20056955,0
20056956,0
20056959,0
20056966,1
20056972,0
20057006,0
20057013,0
20057015,1
20057026,0
20057036,0
20057062,1
20057082,0
20057094,1
20057102,0
20057141,0
20057148,0
20057208,0
20057248,0
20057251,0
20057256,0
20057263,0
20057264,0
20057283,0
20057322,0
20057346,0
20057348,0
20057355,0
20057362,0
20057370,0
20057373,0
20057398,0
20057422,0
20057428,0
20057449,0
20057458,0
20057464,0
20057491,0
20057497,0
20057504,0
20057521,0
20057533,0
20057535,0
20057545,0
20057557,0
20057560,0
20057561,0
20057581,0
20057583,1
20057587,0
20057593,0
20057602,0
20057608,0
20057632,0
20057646,0
20057659,1
20057666,0
20057668,0
20057708,0
20057711,0
20057725,0
20057728,0
20057732,0
20057733,0
20057761,0
20057786,0
20057807,0
20057855,1
20057859,0
20057874,0
20057885,0
20057888,0
20057908,0
20057910,0
20057925,0
20057938,0
20057941,0
20057947,0
20057957,0
20057987,0
20057989,0
20057998,0
20058004,0
20058016,0
20058042,0
20058090,0
20058146,1
20058157,0
20058172,0
20058207,0
20058211,0
20058217,0
20058219,0
20058222,0
20058231,0
20058243,1
20058249,0
20058256,0
20058267,0
20058269,0
20058293,0
20058294,0
20058316,0
20058322,0
20058324,1
20058350,0
20058355,1
20058383,0
20058403,0
20058411,0
20058412,1
20058433,0
20058434,0
20058440,0
20058444,0
20058462,0
20058466,0
20058479,1
20058487,0
20058520,0
20058570,0
20058585,0
20058612,0
20058647,1
20058654,1
20058664,0
20058665,0
20058679,0
20058716,0
20058729,1
20058737,0
20058740,0
20058749,1
20058757,0
20058766,0
20058786,1
20058834,0
20058837,0
20058843,0
20058849,0
20058852,0
20058870,0
20058900,0
20058903,0
20058905,1
20058911,0
20058934,0
20058948,1
20058953,0
20058954,0
20058969,0
20058991,0
20059009,0
20059028,0
20059042,0
20059063,1
20059083,0
20059097,0
20059114,0
20059138,1
20059149,0
20059166,0
20059183,1
20059189,0
20059266,0
20059272,0
20059275,0
20059283,0
20059284,0
20059296,1
20059322,0
20059335,0
20059337,0
20059340,0
20059342,0
20059357,0
20059365,0
20059369,0
20059375,0
20059411,0
20059418,0
20059426,1
20059441,0
20059453,1
20059463,1
20059464,0
20059466,0
20059475,0
20059485,0
20059499,0
20059523,1
20059531,0
20059532,0
20059541,0
20059561,0
20059563,0
20059588,0
20059599,0
20059609,0
20059611,0
20059613,0
20059652,0
20059670,0
20059687,0
20059696,0
20059697,0
20059701,0
20059702,0
20059710,0
20059714,0
20059717,0
20059720,0
20059722,0
20059755,0
20059770,0
20059775,0
20059782,0
20059786,0
20059802,0
20059808,0
20059813,0
20059835,0
20059851,0
20059868,1
20059881,0
20059899,0
20059919,0
20059929,0
20059930,0
20059942,0
20059955,0
20059963,0
20059974,0
20059989,0
20060010,0
20060014,0
20060020,0
20060035,0
20060046,0
20060053,1
20060056,0
20060068,1
20060111,0
20060153,0
20060154,0
20060157,0
20060180,0
20060183,0
20060205,0
20060213,0
20060223,0
20060227,0
20060233,0
20060239,0
20060246,0
20060248,0
20060252,0
20060254,0
20060266,0
20060271,0
20060272,0
20060274,0
20060296,0
20060302,1
20060314,0
20060316,0
20060329,0
20060346,0
20060349,0
20060367,0
20060422,0
20060445,0
20060449,0
20060479,0
20060480,0
20060487,0
20060520,1
20060546,0
20060547,0
20060555,1
20060560,0
20060576,0
20060606,0
20060608,0
20060617,1
20060619,0
20060629,0
20060639,0
20060671,0
20060681,0
20060705,0
20060707,0
20060718,1
20060726,0
20060741,0
20060758,0
20060765,0
20060832,1
20060837,0
20060839,0
20060844,0
20060853,0
20060862,0
20060864,1
20060868,0
20060881,0
20060920,0
20060921,0
20060948,0
20060950,0
20060969,0
20060986,0
20060990,0
20060999,0
20061010,0
20061019,0
20061031,0
20061061,0
20061080,0
20061082,0
20061126,0
20061135,0
20061147,0
20061152,0
20061156,1
20061176,0
20061194,0
20061229,1
20061247,0
20061265,0
20061287,0
20061298,0
20061312,0
20061358,0
20061361,0
20061364,0
20061391,0
20061405,0
20061425,0
20061487,0
20061500,0
20061503,0
20061506,0
20061514,0
20061538,0
20061568,0
20061589,0
20061591,0
20061593,0
20061602,0
20061605,0
20061623,0
20061629,1
20061657,0
20061662,0
20061670,0
20061686,0
20061690,0
20061694,0
20061698,0
20061711,1
20061714,0
20061732,0
20061738,0
20061747,0
20061767,0
20061778,0
20061783,0
20061789,0
20061808,0
20061809,0
20061816,0
20061834,0
20061860,0
20061861,0
20061870,0
20061880,0
20061914,0
20061916,0
20061937,0
20061944,0
20061946,0
20061955,0
20061956,0
20061967,0
20061974,0
20061977,0
20062025,0
20062036,0
20062052,0
20062054,0
20062107,0
20062115,0
20062130,0
20062135,0
20062139,0
20062143,0
20062176,0
20062181,0
20062183,0
20062186,0
20062205,0
20062239,0
20062248,0
20062258,0
20062265,0
20062267,0
20062289,0
20062296,1
20062311,0
20062312,0
20062313,0
20062325,0
20062338,0
20062342,0
20062364,0
20062382,0
20062391,0
20062394,0
20062408,0
20062425,0
20062435,0
20062461,0
20062477,0
20062480,0
20062481,0
20062483,0
20062502,0
20062503,0
20062517,0
20062518,0
20062541,0
20062546,0
20062547,0
20062554,0
20062566,1
20062570,0
20062580,0
20062588,0
20062603,0
20062618,0
20062630,0
20062636,0
20062637,0
20062668,0
20062690,0
20062703,0
20062732,0
20062765,0
20062788,0
20062792,0
20062794,0
20062798,0
20062829,0
20062831,0
20062842,0
20062854,0
20062895,0
20062906,0
20062919,1
20062928,0
20062935,0
20062954,0
20062956,0
20062957,0
20062964,0
20062971,1
20062993,0
20063031,0
20063046,0
20063047,0
20063050,0
20063051,1
20063076,0
20063085,0
20063120,0
20063124,0
20063125,0
20063137,1
20063140,0
20063155,0
20063163,0
20063193,0
20063201,0
20063227,0
20063251,0
20063254,0
20063259,0
20063286,0
20063292,0
20063324,0
20063368,0
20063376,0
20063378,0
20063382,1
20063388,0
20063401,0
20063417,0
20063426,0
20063429,0
20063442,0
20063445,0
20063456,0
20063460,0
20063461,0
20063475,0
20063494,1
20063496,0
20063501,0
20063519,0
20063534,0
20063538,1
20063548,0
20063552,0
20063553,0
20063554,0
20063558,0
20063571,0
20063613,0
20063630,0
20063640,0
20063662,0
20063669,1
20063681,0
20063685,0
20063689,0
20063752,0
20063759,0
20063765,0
20063777,0
20063786,0
20063829,0
20063843,0
20063862,0
20063874,0
20063877,0
20063888,0
20063901,0
20063914,0
20063915,0
20063922,1
20063934,0
20063944,0
20063946,0
20063964,0
20063970,0
20063972,0
20063991,0
20064009,0
20064015,0
20064034,0
20064076,0
20064077,0
20064082,0
20064105,0
20064142,0
20064165,0
20064186,0
20064187,0
20064193,0
20064206,0
20064211,0
20064214,1
20064241,0
20064248,1
20064252,0
20064256,0
20064266,0
20064276,0
20064278,0
20064287,1
20064322,0
20064332,0
20064335,0
20064337,0
20064340,0
20064348,0
20064363,0
20064386,0
20064399,0
20064402,0
20064412,0
20064413,0
20064415,0
20064417,0
20064434,0
20064437,0
20064444,0
20064447,0
20064459,0
20064495,0
20064497,0
20064514,0
20064522,0
20064523,0
20064553,0
20064556,0
20064571,0
20064573,0
20064618,0
20064628,0
20064629,0
20064633,0
20064644,0
20064681,0
20064687,0
20064690,0
20064707,0
20064739,0
20064760,0
20064790,0
20064797,0
20064811,0
20064832,0
20064853,0
20064854,0
20064873,1
20064874,0
20064884,0
20064892,0
20064908,0
20064909,0
20064928,0
20064943,0
20064950,0
20064955,0
20064962,0
20064966,0
20064969,0
20064973,0
20064982,0
20064999,0
20065002,0
20065006,0
20065011,0
20065019,0
20065023,0
20065048,0
20065050,0
20065064,0
20065074,0
20065082,0
20065084,0
20065085,0
20065098,0
20065105,0
20065108,0
20065117,0
20065135,0
20065138,0
20065139,0
20065153,0
20065173,0
20065174,0
20065183,1
20065193,0
20065194,0
20065218,0
20065258,0
20065262,0
20065280,0
20065285,0
20065293,0
20065313,0
20065318,0
20065319,0
20065320,0
20065323,0
20065333,0
20065353,0
20065369,0
20065391,0
20065399,0
20065414,0
20065429,0
20065430,0
20065483,0
20065507,0
20065508,0
20065513,0
20065525,1
20065529,0
20065532,0
20065536,0
20065554,0
20065564,0
20065568,0
20065575,0
20065576,1
20065580,0
20065583,0
20065586,0
20065590,0
20065594,0
20065614,0
20065620,0
20065636,0
20065640,0
20065651,0
20065652,0
20065688,0
20065702,0
20065718,0
20065732,0
20065733,0
20065735,0
20065745,0
20065753,0
20065755,0
20065781,0
20065782,1
20065786,0
20065789,0
20065816,0
20065820,1
20065825,0
20065828,0
20065830,0
20065838,0
20065839,0
20065848,0
20065850,0
20065867,0
20065870,0
20065871,0
20065876,0
20065877,0
20065961,0
20065975,0
20065983,0
20065986,0
20065997,0
20066012,0
20066037,0
20066040,0
20066053,0
20066054,0
20066063,0
20066066,0
20066082,1
20066090,0
20066097,0
20066098,0
20066101,0
20066105,0
20066119,0
20066135,0
20066140,0
20066147,0
20066150,0
20066160,0
20066167,1
20066178,0
20066184,1
20066193,0
20066229,0
20066232,1
20066241,0
20066253,1
20066276,1
20066277,0
20066280,1
20066303,0
20066304,0
20066317,0
20066319,0
20066337,0
20066339,0
20066340,0
20066391,0
20066424,0
20066433,0
20066444,0
20066458,0
20066468,0
20066470,1
20066479,0
20066550,0
20066566,0
20066570,0
20066572,0
20066573,0
20066576,0
20066581,0
20066590,0
20066608,0
20066610,0
20066622,0
20066626,1
20066628,0
20066656,1
20066661,0
20066711,0
20066728,0
20066729,0
20066732,0
20066734,0
20066735,0
20066738,0
20066753,0
20066763,0
20066765,0
20066767,0
20066775,0
20066799,0
20066816,0
20066825,1
20066837,0
20066857,0
20066859,0
20066871,0
20066886,0
20066898,0
20066907,0
20066923,0
20066933,0
20066939,0
20066966,0
20066971,0
20066980,0
20066983,0
20066991,0
20066995,0
20067003,0
20067022,0
20067029,0
20067030,1
20067033,0
20067042,0
20067050,0
20067055,0
20067063,0
20067086,0
20067092,0
20067099,0
20067114,0
20067123,0
20067130,0
20067131,0
20067151,0
20067177,0
20067185,0
20067204,0
20067219,1
20067225,0
20067229,0
20067238,0
20067240,0
20067243,0
20067245,0
20067251,0
20067253,0
20067255,0
20067257,0
20067265,0
20067272,0
20067297,0
20067323,0
20067325,1
20067339,0
20067343,0
20067363,0
20067373,0
20067376,0
20067380,0
20067395,0
20067396,0
20067411,0
20067424,0
20067429,0
20067467,0
20067469,0
20067472,1
20067483,0
20067494,0
20067496,0
20067498,0
20067503,0
20067510,0
20067521,0
20067528,0
20067533,0
20067550,0
20067557,0
20067589,0
20067592,0
20067603,0
20067614,0
20067619,1
20067640,0
20067641,0
20067666,0
20067676,0
20067682,0
20067696,0
20067710,0
20067714,0
20067719,1
20067732,0
20067768,0
20067790,0
20067821,0
20067830,0
20067836,0
20067852,0
20067855,0
20067856,0
20067868,1
20067871,0
20067895,0
20067898,1
20067908,0
20067916,0
20067925,0
20067928,0
20067978,1
20067986,0
20067999,0
20068014,0
20068062,0
20068074,0
20068086,0
20068116,0
20068119,0
20068153,0
20068173,0
20068191,0
20068218,0
20068223,0
20068238,0
20068278,0
20068314,1
20068325,0
20068348,0
20068366,0
20068376,0
20068380,0
20068382,0
20068401,0
20068446,0
20068447,0
20068469,0
20068487,0
20068489,0
20068537,0
20068541,0
20068555,0
20068566,0
20068579,0
20068585,0
20068617,0
20068618,0
20068620,0
20068629,1
20068640,0
20068654,0
20068675,0
20068712,0
20068717,0
20068726,0
20068753,0
20068787,0
20068794,0
20068803,0
20068814,0
20068823,0
20068828,1
20068834,0
20068839,0
20068848,0
20068852,0
20068865,0
20068881,0
20068890,0
20068892,0
20068901,0
20068946,0
20068948,0
20068954,0
20068965,0
20068994,0
20068997,0
20069009,1
20069011,0
20069033,0
20069035,1
20069055,0
20069061,1
20069064,0
20069065,0
20069071,0
20069099,0
20069100,0
20069124,0
20069152,0
20069157,0
20069160,0
20069171,0
20069192,0
20069199,0
20069213,0
20069232,0
20069276,0
20069298,0
20069306,0
20069314,0
20069392,0
20069410,0
20069419,1
20069427,1
20069446,0
20069451,0
20069457,0
20069473,0
20069476,0
20069487,1
20069518,1
20069522,0
20069530,0
20069534,0
20069555,0
20069575,0
20069584,0
20069592,0
20069598,0
20069604,1
20069634,0
20069654,0
20069665,0
20069674,0
20069717,0
20069722,0
20069743,0
20069773,0
20069785,0
20069787,0
20069790,0
20069810,1
20069815,0
20069822,0
20069858,0
20069859,0
20069884,0
20069898,0
20069905,0
20069921,0
20069933,0
20069936,0
20069947,0
20069952,0
20069955,0
20069962,0
20069978,0
20069996,0
20070012,0
20070023,0
20070026,0
20070035,0
20070038,0
20070041,0
20070048,0
20070049,0
20070053,0
20070063,0
20070084,0
20070106,0
20070108,0
20070153,0
20070171,0
20070181,0
20070182,0
20070192,0
20070201,0
20070205,0
20070207,0
20070224,0
20070234,0
20070250,0
20070274,0
20070276,0
20070278,0
20070299,0
20070319,0
20070328,0
20070330,0
20070333,0
20070356,0
20070362,0
20070376,0
20070378,0
20070384,0
20070399,0
20070404,0
20070417,0
20070430,0
20070449,1
20070458,0
20070463,0
20070475,0
20070480,0
20070481,0
20070545,0
20070555,0
20070567,1
20070568,0
20070583,0
20070586,0
20070588,0
20070626,0
20070629,1
20070653,0
20070667,0
20070673,1
20070676,0
20070692,0
20070709,0
20070721,0
20070734,0
20070750,0
20070752,0
20070787,0
20070793,0
20070794,0
20070800,0
20070834,0
20070837,0
20070860,0
20070861,0
20070874,0
20070875,0
20070917,0
20070920,0
20070942,0
20070944,0
20070947,0
20070977,0
20070980,0
20070987,0
20071008,0
20071011,0
20071012,0
20071015,0
20071018,1
20071025,0
20071026,0
20071042,0
20071044,0
20071052,0
20071055,0
20071058,1
20071071,1
20071085,1
20071100,0
20071110,0
20071116,0
20071141,0
20071154,0
20071159,0
20071162,0
20071169,0
20071174,1
20071218,0
20071220,0
20071236,0
20071265,0
20071282,1
20071298,0
20071306,0
20071307,0
20071334,0
20071346,0
20071353,0
20071364,0
20071367,0
20071384,0
20071409,0
20071410,0
20071413,0
20071421,0
20071424,0
20071430,0
20071431,0
20071437,0
20071440,0
20071444,0
20071446,0
20071494,0
20071508,0
20071534,0
20071553,1
20071556,0
20071568,0
20071623,0
20071625,0
20071640,0
20071666,0
20071673,0
20071678,0
20071680,0
20071689,0
20071703,0
20071707,1
20071710,0
20071715,0
20071771,0
20071774,0
20071787,0
20071796,0
20071797,0
20071802,1
20071804,0
20071807,0
20071811,0
20071813,0
20071816,0
20071820,0
20071844,0
20071872,0
20071873,0
20071874,0
20071884,0
20071886,0
20071911,0
20071944,0
20071948,0
20071956,0
20071958,0
20071960,0
20071970,0
20071988,0
20071994,0
20072008,0
20072013,0
20072039,0
20072046,0
20072050,0
20072052,0
20072055,0
20072060,0
20072078,0
20072086,0
20072097,0
20072109,0
20072119,0
20072133,0
20072135,0
20072145,1
20072148,0
20072153,0
20072162,0
20072203,0
20072216,0
20072230,0
20072231,0
20072234,0
20072235,0
20072239,0
20072240,0
20072243,0
20072252,0
20072289,0
20072302,0
20072311,0
20072337,0
20072351,0
20072357,0
20072378,0
20072383,0
20072407,0
20072424,0
20072444,1
20072449,0
20072454,0
20072490,0
20072500,0
20072502,0
20072511,0
20072523,0
20072542,0
20072577,0
20072581,0
20072594,0
20072597,0
20072608,0
20072626,0
20072636,0
20072638,0
20072641,0
20072670,0
20072689,0
20072691,0
20072694,0
20072701,0
20072707,0
20072710,0
20072713,0
20072716,0
20072726,0
20072736,0
20072737,0
20072739,0
20072742,0
20072743,0
20072744,0
20072752,0
20072767,1
20072777,0
20072781,0
20072788,0
20072813,0
20072814,0
20072816,0
20072823,1
20072827,1
20072861,0
20072870,0
20072875,0
20072879,0
20072892,0
20072899,0
20072910,0
20072915,0
20072917,0
20072920,0
20072941,0
20072952,0
20072971,0
20072987,0
20072997,0
20073034,0
20073039,0
20073075,0
20073079,0
20073081,0
20073084,0
20073091,0
20073098,0
20073102,0
20073107,0
20073116,0
20073126,0
20073131,0
20073137,0
20073141,0
20073144,0
20073145,0
20073167,0
20073184,0
20073209,0
20073211,0
20073226,0
20073227,0
20073235,0
20073290,1
20073291,0
20073305,0
20073312,0
20073330,0
20073340,0
20073342,0
20073355,0
20073363,0
20073366,0
20073372,0
20073377,0
20073378,0
20073391,0
20073402,0
20073405,0
20073409,0
20073447,1
20073459,0
20073466,0
20073475,1
20073479,0
20073480,0
20073481,0
20073489,0
20073492,0
20073513,0
20073547,0
20073549,1
20073555,0
20073567,0
20073568,0
20073569,0
20073578,0
20073591,0
20073607,0
20073608,0
20073614,0
20073617,1
20073645,0
20073646,0
20073677,0
20073679,0
20073683,0
20073692,0
20073696,0
20073709,0
20073714,0
20073725,0
20073732,0
20073735,0
20073738,0
20073740,0
20073759,0
20073761,0
20073812,0
20073846,0
20073855,0
20073856,0
20073877,0
20073879,0
20073907,0
20073909,0
20073911,0
20073934,0
20073943,0
20073955,0
20073966,0
20073996,0
20074005,0
20074018,0
20074027,0
20074043,0
20074051,0
20074062,0
20074067,0
20074074,0
20074129,0
20074134,0
20074136,0
20074152,0
20074159,0
20074164,0
20074180,0
20074184,0
20074187,0
20074189,0
20074196,0
20074202,0
20074218,0
20074233,0
20074242,0
20074250,0
20074252,0
20074257,0
20074276,0
20074282,0
20074293,1
20074313,0
20074327,0
20074331,0
20074347,0
20074349,0
20074354,0
20074366,0
20074371,0
20074382,0
20074429,0
20074439,0
20074462,0
20074479,0
20074480,0
20074490,0
20074497,0
20074504,0
20074507,0
20074530,0
20074555,0
20074590,0
20074591,0
20074597,0
20074608,0
20074637,0
20074654,0
20074681,0
20074686,0
20074694,0
20074721,0
20074731,0
20074735,0
20074749,0
20074752,0
20074780,0
20074799,0
20074844,0
20074851,0
20074866,0
20074875,0
20074876,0
20074877,0
20074890,0
20074919,0
20074928,0
20074935,0
20074937,0
20074962,0
20074987,0
20075019,0
20075021,0
20075066,0
20075076,0
20075079,1
20075081,0
20075102,0
20075112,0
20075122,0
20075123,1
20075136,0
20075146,0
20075149,0
20075164,0
20075174,0
20075206,1
20075207,0
20075210,1
20075215,0
20075246,0
20075254,0
20075257,0
20075267,0
20075291,0
20075306,0
20075313,0
20075322,0
20075344,1
20075352,0
20075378,0
20075391,0
20075396,0
20075398,0
20075408,1
20075450,0
20075479,1
20075486,0
20075494,0
20075497,0
20075512,0
20075518,0
20075526,0
20075527,0
20075556,0
20075566,1
20075582,0
20075589,0
20075594,0
20075595,0
20075609,0
20075630,0
20075664,0
20075672,0
20075673,0
20075733,0
20075779,0
20075805,0
20075806,0
20075813,1
20075817,0
20075819,0
20075849,0
20075869,0
20075893,0
20075907,0
20075918,0
20075929,0
20075990,0
20075991,0
20075998,0
20076016,0
20076017,0
20076025,0
20076035,0
20076056,0
20076057,0
20076084,0
20076092,0
20076094,0
20076106,1
20076111,0
20076127,0
20076129,0
20076166,0
20076199,0
20076217,0
20076241,0
20076247,0
20076249,0
20076250,0
20076254,0
20076308,0
20076329,0
20076341,0
20076344,0
20076359,0
20076362,0
20076370,0
20076374,0
20076382,0
20076402,0
20076412,0
20076413,0
20076422,1
20076423,0
20076429,0
20076451,0
20076452,0
20076471,0
20076478,0
20076487,0
20076490,0
20076492,0
20076502,0
20076503,0
20076509,0
20076518,0
20076529,0
20076546,1
20076556,0
20076561,0
20076563,0
20076598,0
20076605,0
20076609,0
20076611,0
20076613,0
20076641,0
20076660,0
20076676,0
20076679,0
20076688,0
20076689,0
20076690,0
20076706,0
20076714,0
20076731,0
20076758,0
20076774,1
20076778,0
20076794,0
20076799,1
20076808,0
20076811,1
20076812,0
20076817,0
20076821,0
20076829,0
20076833,0
20076843,0
20076844,0
20076872,0
20076882,0
20076893,0
20076898,1
20076906,0
20076935,0
20076940,0
20076948,1
20076959,0
20076977,0
20076993,0
20077006,0
20077008,1
20077034,0
20077035,0
20077044,0
20077071,0
20077101,0
20077106,0
20077113,0
20077141,0
20077148,0
20077153,0
20077155,0
20077156,0
20077158,0
20077164,0
20077171,0
20077189,0
20077248,0
20077276,0
20077316,0
20077320,0
20077323,0
20077333,0
20077342,0
20077347,0
20077378,0
20077390,0
20077402,0
20077407,0
20077408,0
20077410,0
20077414,0
20077415,1
20077428,0
20077442,0
20077447,1
20077452,0
20077467,0
20077469,0
20077483,0
20077487,0
20077499,0
20077501,0
20077503,0
20077506,0
20077531,1
20077581,0
20077599,0
20077603,0
20077625,0
20077626,0
20077629,0
20077633,0
20077642,0
20077644,0
20077654,0
20077661,0
20077662,0
20077671,0
20077672,0
20077673,0
20077675,0
20077682,0
20077686,0
20077719,0
20077722,0
20077730,0
20077743,1
20077764,0
20077786,1
20077790,0
20077804,1
20077813,0
20077824,0
20077834,0
20077869,1
20077872,0
20077879,1
20077889,1
20077901,0
20077952,0
20077956,0
20077962,0
20077971,0
20077973,0
20077979,0
20077989,0
20078003,0
20078004,0
20078019,0
20078032,0
20078034,0
20078043,0
20078044,0
20078055,0
20078088,0
20078100,1
20078104,0
20078115,0
20078123,0
20078151,0
20078152,0
20078155,0
20078166,1
20078171,0
20078175,0
20078198,0
20078205,0
20078211,0
20078214,0
20078218,0
20078225,0
20078249,0
20078261,0
20078265,1
20078284,0
20078285,0
20078288,0
20078302,0
20078309,0
20078321,0
20078371,0
20078374,0
20078375,0
20078384,0
20078387,0
20078397,0
20078404,0
20078424,0
20078429,1
20078430,0
20078433,0
20078456,0
20078474,0
20078475,0
20078476,0
20078535,0
20078536,0
20078546,0
20078554,0
20078556,0
20078586,0
20078592,0
20078606,0
20078608,0
20078622,0
20078625,0
20078640,0
20078649,0
20078658,0
20078660,0
20078662,0
20078679,0
20078681,0
20078699,0
20078707,0
20078708,1
20078729,0
20078730,0
20078733,0
20078740,0
20078744,1
20078758,0
20078777,0
20078813,0
20078817,0
20078823,1
20078831,0
20078834,0
20078836,1
20078844,0
20078848,0
20078854,0
20078855,0
20078887,0
20078890,0
20078895,0
20078906,0
20078924,0
20078929,0
20078946,0
20078977,0
20078981,0
20078996,0
20079006,0
20079007,0
20079016,0
20079023,0
20079028,0
20079043,1
20079044,0
20079051,0
20079054,0
20079095,0
20079115,0
20079120,0
20079124,0
20079131,0
20079146,0
20079154,0
20079162,0
20079191,0
20079204,0
20079231,0
20079237,0
20079258,0
20079267,0
20079274,0
20079278,0
20079289,0
20079290,0
20079295,1
20079317,1
20079319,0
20079369,0
20079377,0
20079382,0
20079394,0
20079406,0
20079413,0
20079414,0
20079431,0
20079437,0
20079469,0
20079471,0
20079473,0
20079493,0
20079496,0
20079499,0
20079505,0
20079506,0
20079530,0
20079537,0
20079555,0
20079572,0
20079584,0
20079590,0
20079631,0
20079633,0
20079646,0
20079662,0
20079665,0
20079706,1
20079745,0
20079753,0
20079756,0
20079765,0
20079789,0
20079830,0
20079836,0
20079841,0
20079843,0
20079852,0
20079862,0
20079873,0
20079883,0
20079885,0
20079887,0
20079903,0
20079912,0
20079916,0
20079921,0
20079923,0
20079951,0
20079960,0
20080013,0
20080031,0
20080043,0
20080056,0
20080058,0
20080062,0
20080067,1
20080075,0
20080077,1
20080097,0
20080134,0
20080147,0
20080148,0
20080159,0
20080160,0
20080165,0
20080172,0
20080187,0
20080228,0
20080251,0
20080253,0
20080254,0
20080275,0
20080276,0
20080296,0
20080349,0
20080350,0
20080365,0
20080405,0
20080415,0
20080428,0
20080445,0
20080457,0
20080473,0
20080474,0
20080476,0
20080489,0
20080514,0
20080527,0
20080537,0
20080544,0
20080551,0
20080567,0
20080628,0
20080633,0
20080646,0
20080647,0
20080648,0
20080665,0
20080683,0
20080684,0
20080686,0
20080707,0
20080715,0
20080717,0
20080720,0
20080723,0
20080747,0
20080761,1
20080773,0
20080831,0
20080837,0
20080859,0
20080867,0
20080877,0
20080898,0
20080908,0
20080916,0
20080935,0
20080939,0
20080982,0
20080989,1
20081025,0
20081045,0
20081059,0
20081061,0
20081065,0
20081082,0
20081089,0
20081103,0
20081112,1
20081114,0
20081138,0
20081147,0
20081162,0
20081175,0
20081208,0
20081226,0
20081235,0
20081250,1
20081281,0
20081289,0
20081294,0
20081305,0
20081323,0
20081327,0
20081328,0
20081340,0
20081342,0
20081404,0
20081405,0
20081408,1
20081430,0
20081433,0
20081440,0
20081441,0
20081456,0
20081469,0
20081472,0
20081476,0
20081477,0
20081483,0
20081485,0
20081486,0
20081503,0
20081508,0
20081515,0
20081549,0
20081576,0
20081589,0
20081594,0
20081608,0
20081619,0
20081661,0
20081664,0
20081683,0
20081698,0
20081739,0
20081766,0
20081770,0
20081772,1
20081776,0
20081778,1
20081785,0
20081812,0
20081815,1
20081842,0
20081888,0
20081911,0
20081926,0
20081949,0
20081958,0
20081964,0
20081993,0
20082002,0
20082033,0
20082036,0
20082041,0
20082064,1
20082071,0
20082088,0
20082091,0
20082095,0
20082107,0
20082108,0
20082114,0
20082132,0
20082148,1
20082150,0
20082186,0
20082201,0
20082206,0
20082209,0
20082212,0
20082238,0
20082239,0
20082258,0
20082280,0
20082290,0
20082313,1
20082316,0
20082340,0
20082345,0
20082358,0
20082361,0
20082378,0
20082392,0
20082395,0
20082431,0
20082437,0
20082461,0
20082466,0
20082470,0
20082475,1
20082495,0
20082523,0
20082524,0
20082548,0
20082554,0
20082555,0
20082561,0
20082616,0
20082635,0
20082653,0
20082669,0
20082674,0
20082681,0
20082693,0
20082697,0
20082698,0
20082709,0
20082716,0
20082722,0
20082731,0
20082751,0
20082755,0
20082756,1
20082762,0
20082764,0
20082777,1
20082799,1
20082808,0
20082833,0
20082836,1
20082852,0
20082856,0
20082861,0
20082881,0
20082886,0
20082893,0
20082905,0
20082917,0
20082925,0
20082926,0
20082928,0
20082930,0
20082955,0
20082958,0
20082973,0
20082988,0
20082994,0
20082999,0
20083003,0
20083022,0
20083029,0
20083054,0
20083060,0
20083065,0
20083069,0
20083075,0
20083076,0
20083082,0
20083090,1
20083094,0
20083100,1
20083109,0
20083122,0
20083135,1
20083138,0
20083139,0
20083179,0
20083187,0
20083194,0
20083195,0
20083201,0
20083209,0
20083225,0
20083242,0
20083247,0
20083259,0
20083266,0
20083272,0
20083291,0
20083308,0
20083324,0
20083353,0
20083358,1
20083367,0
20083377,0
20083378,0
20083397,0
20083400,0
20083431,0
20083450,0
20083455,0
20083465,0
20083466,0
20083467,0
20083491,1
20083495,0
20083517,0
20083549,0
20083556,0
20083557,0
20083571,0
20083580,0
20083593,1
20083600,0
20083608,0
20083611,0
20083612,0
20083642,0
20083666,0
20083695,0
20083696,0
20083714,0
20083716,0
20083728,0
20083746,0
20083749,0
20083756,0
20083783,0
20083787,0
20083793,0
20083794,0
20083798,0
20083800,0
20083818,0
20083820,0
20083839,0
20083843,0
20083844,0
20083846,0
20083856,0
20083879,1
20083891,0
20083909,0
20083942,0
20083954,0
20083959,0
20083996,0
20084001,0
20084006,0
20084067,0
20084073,0
20084077,0
20084093,0
20084111,0
20084122,0
20084143,0
20084151,0
20084161,0
20084181,0
20084202,0
20084212,0
20084246,0
20084255,0
20084267,0
20084269,0
20084288,0
20084305,0
20084316,0
20084322,0
20084324,0
20084341,0
20084344,0
20084350,0
20084370,0
20084386,0
20084401,0
20084439,0
20084447,1
20084456,0
20084457,0
20084480,0
20084487,0
20084492,0
20084494,0
20084500,0
20084504,0
20084544,0
20084554,1
20084567,0
20084574,0
20084583,0
20084588,0
20084618,0
20084634,0
20084639,0
20084650,0
20084658,0
20084662,0
20084677,0
20084679,0
20084683,0
20084684,1
20084696,0
20084697,0
20084770,0
20084773,0
20084785,0
20084799,0
20084858,0
20084862,0
20084866,0
20084867,0
20084880,0
20084896,0
20084922,0
20084928,0
20084932,0
20084950,0
20084953,0
20084973,0
20085011,0
20085027,0
20085038,0
20085041,0
20085044,0
20085045,0
20085051,0
20085060,1
20085074,0
20085083,0
20085090,0
20085097,0
20085119,0
20085147,0
20085149,0
20085153,0
20085167,0
20085174,0
20085186,0
20085215,0
20085231,0
20085279,0
20085295,0
20085312,0
20085322,0
20085330,0
20085346,0
20085356,0
20085381,0
20085385,0
20085389,0
20085390,0
20085412,0
20085420,0
20085421,0
20085432,0
20085452,0
20085457,0
20085463,1
20085467,0
20085470,0
20085491,0
20085493,0
20085511,0
20085563,0
20085567,0
20085568,0
20085569,0
20085570,0
20085578,0
20085623,0
20085627,0
20085645,0
20085670,1
20085672,0
20085701,0
20085705,0
20085710,0
20085714,0
20085742,0
20085751,0
20085777,0
20085779,0
20085781,0
20085792,0
20085808,1
20085818,0
20085825,0
20085867,0
20085881,0
20085902,0
20085916,0
20085925,0
20085943,0
20085950,0
20085960,0
20085971,0
20085980,1
20085987,0
20085998,0
20086025,0
20086027,0
20086044,0
20086058,0
20086059,0
20086064,0
20086086,1
20086087,0
20086097,0
20086121,0
20086127,0
20086143,0
20086146,0
20086148,0
20086181,0
20086183,0
20086196,0
20086225,0
20086245,0
20086268,0
20086284,0
20086290,0
20086311,0
20086335,0
20086340,1
20086347,0
20086348,0
20086366,0
20086380,0
20086407,0
20086411,0
20086414,0
20086441,0
20086450,0
20086451,0
20086459,0
20086491,0
20086506,0
20086508,0
20086524,0
20086526,0
20086548,0
20086552,0
20086557,0
20086563,0
20086566,0
20086568,0
20086579,0
20086587,0
20086591,0
20086596,0
20086602,1
20086603,0
20086632,0
20086649,0
20086650,0
20086655,0
20086660,0
20086673,0
20086680,0
20086682,0
20086690,0
20086693,0
20086697,0
20086704,0
20086705,0
20086713,0
20086744,0
20086761,0
20086763,0
20086774,0
20086779,0
20086823,0
20086832,0
20086835,0
20086847,0
20086897,0
20086928,1
20086945,0
20086947,0
20086964,0
20086968,0
20086980,0
20086982,0
20086996,0
20087006,0
20087007,0
20087015,0
20087031,0
20087046,0
20087053,1
20087057,0
20087068,0
20087091,0
20087106,0
20087118,0
20087162,0
20087184,0
20087206,0
20087246,0
20087272,1
20087275,0
20087283,0
20087284,0
20087298,0
20087322,0
20087325,0
20087345,0
20087347,0
20087349,0
20087355,0
20087356,0
20087366,0
20087371,0
20087381,1
20087397,0
20087424,0
20087427,0
20087429,0
20087448,0
20087459,0
20087465,1
20087475,0
20087476,0
20087482,0
20087491,0
20087504,0
20087506,0
20087539,0
20087550,0
20087551,0
20087570,0
20087591,0
20087595,0
20087608,0
20087632,0
20087646,0
20087653,0
20087666,0
20087672,0
20087685,0
20087686,1
20087689,0
20087694,0
20087697,0
20087699,0
20087700,0
20087705,1
20087733,0
20087753,0
20087763,0
20087784,0
20087791,0
20087803,0
20087810,0
20087813,0
20087835,0
20087846,0
20087849,0
20087860,0
20087861,0
20087876,0
20087886,0
20087888,0
20087901,0
20087913,0
20087914,0
20087918,1
20087921,0
20087929,0
20087944,0
20087952,0
20087990,0
20087994,0
20088019,0
20088024,0
20088038,0
20088046,1
20088052,0
20088059,0
20088073,0
20088107,0
20088138,0
20088145,0
20088163,0
20088171,1
20088175,0
20088199,0
20088205,0
20088225,0
20088265,1
20088292,0
20088299,0
20088300,1
20088301,1
20088308,0
20088324,0
20088328,0
20088329,0
20088330,0
20088333,0
20088351,0
20088359,0
20088361,0
20088365,0
20088369,0
20088393,0
20088399,0
20088400,0
20088411,0
20088430,0
20088452,0
20088482,0
20088497,0
20088498,0
20088502,0
20088521,0
20088528,0
20088565,0
20088566,0
20088569,0
20088571,0
20088581,0
20088592,0
20088627,0
20088653,0
20088666,0
20088686,1
20088722,1
20088723,0
20088727,0
20088741,0
20088746,0
20088777,0
20088788,0
20088789,0
20088794,0
20088796,0
20088801,0
20088808,0
20088816,0
20088875,0
20088913,0
20088921,0
20088945,0
20088947,0
20088948,0
20088954,0
20088956,0
20088961,0
20088972,0
20088975,0
20088983,0
20088984,0
20088986,0
20089006,0
20089019,0
20089032,0
20089049,0
20089068,0
20089074,0
20089081,0
20089111,0
20089123,0
20089144,0
20089158,0
20089159,0
20089161,0
20089211,1
20089222,0
20089227,0
20089269,0
20089292,0
20089294,0
20089303,0
20089306,0
20089307,0
20089308,0
20089313,0
20089330,0
20089331,0
20089362,0
20089385,0
20089386,0
20089397,0
20089401,0
20089405,0
20089407,0
20089432,1
20089444,0
20089454,0
20089474,0
20089492,0
20089499,0
20089507,0
20089520,1
20089528,0
20089560,0
20089572,0
20089578,0
20089590,0
20089594,0
20089603,0
20089620,0
20089626,0
20089638,0
20089643,0
20089646,0
20089647,0
20089660,0
20089666,1
20089672,0
20089691,0
20089742,0
20089773,0
20089815,0
20089825,0
20089832,0
20089838,0
20089847,0
20089855,0
20089885,0
20089887,0
20089928,0
20089940,1
20089945,0
20089950,0
20089951,0
20089978,1
20089982,0
20089998,0
20090007,0
20090008,0
20090027,0
20090035,0
20090036,0
20090043,0
20090060,0
20090063,0
20090068,0
20090073,0
20090092,0
20090099,0
20090118,1
20090139,0
20090154,0
20090171,0
20090207,0
20090217,1
20090229,0
20090243,0
20090254,0
20090260,1
20090266,0
20090268,1
20090272,0
20090274,0
20090287,0
20090297,1
20090304,0
20090311,0
20090312,0
20090334,0
20090363,0
20090372,1
20090434,1
20090456,0
20090460,0
20090466,0
20090475,0
20090476,0
20090497,0
20090527,1
20090528,0
20090565,0
20090571,0
20090578,0
20090599,0
20090609,0
20090622,0
20090631,0
20090633,0
20090655,0
20090670,0
20090674,0
20090695,0
20090708,0
20090716,1
20090726,1
20090752,0
20090767,0
20090768,1
20090796,0
20090836,0
20090849,0
20090863,0
20090880,0
20090882,0
20090899,0
20090917,0
20090924,0
20090942,0
20090952,0
20090956,0
20090963,0
20090982,0
20090991,0
20091005,0
20091008,0
20091022,0
20091044,0
20091071,0
20091083,0
20091096,0
20091098,0
20091105,1
20091114,0
20091123,1
20091134,0
20091170,0
20091183,0
20091186,0
20091189,0
20091195,0
20091200,0
20091203,0
20091210,0
20091213,0
20091217,0
20091223,0
20091229,0
20091239,0
20091244,0
20091258,1
20091264,0
20091283,1
20091284,0
20091299,0
20091301,0
20091309,0
20091332,0
20091341,0
20091344,0
20091363,0
20091370,0
20091371,0
20091386,1
20091430,1
20091454,0
20091458,0
20091464,0
20091467,0
20091471,0
20091474,0
20091488,0
20091490,0
20091530,0
20091535,0
20091557,0
20091568,0
20091571,0
20091603,0
20091620,0
20091642,0
20091643,0
20091655,0
20091674,0
20091701,0
20091702,0
20091712,0
20091713,0
20091716,0
20091750,0
20091781,0
20091786,0
20091848,0
20091869,0
20091870,0
20091878,0
20091880,0
20091883,0
20091885,1
20091896,0
20091921,0
20091923,0
20091927,0
20091946,0
20091988,1
20091991,0
20091996,0
20092060,0
20092061,0
20092075,0
20092080,0
20092111,0
20092117,0
20092130,0
20092138,0
20092159,0
20092169,0
20092172,0
20092173,1
20092197,0
20092207,1
20092208,0
20092218,0
20092220,0
20092223,0
20092236,0
20092243,0
20092256,0
20092258,0
20092259,0
20092267,0
20092273,0
20092280,0
20092305,0
20092312,0
20092314,0
20092315,0
20092322,0
20092325,0
20092332,0
20092338,0
20092344,0
20092362,0
20092366,0
20092375,0
20092387,0
20092406,0
20092425,0
20092447,0
20092465,0
20092472,0
20092477,0
20092490,0
20092501,0
20092522,1
20092551,0
20092553,0
20092563,0
20092567,0
20092584,0
20092596,0
20092606,0
20092614,1
20092632,0
20092643,0
20092652,0
20092670,0
20092673,0
20092676,0
20092679,0
20092684,0
20092706,0
20092709,0
20092715,0
20092731,0
20092736,1
20092739,0
20092752,0
20092788,1
20092827,0
20092839,0
20092841,0
20092867,0
20092891,0
20092909,0
20092915,0
20092918,0
20092925,0
20092932,0
20092951,0
20092955,0
20092977,0
20092981,0
20093000,0
20093018,0
20093030,0
20093064,0
20093068,0
20093070,0
20093078,0
20093079,0
20093096,0
20093140,0
20093148,0
20093154,0
20093156,0
20093161,0
20093198,0
20093200,0
20093248,0
20093259,0
20093290,0
20093296,0
20093300,0
20093312,0
20093319,0
20093321,0
20093336,0
20093349,0
20093375,0
20093385,0
20093388,0
20093435,0
20093451,0
20093459,0
20093460,1
20093461,0
20093473,0
20093480,0
20093523,0
20093527,0
20093544,0
20093550,0
20093553,0
20093565,0
20093569,0
20093592,0
20093595,0
20093613,0
20093625,0
20093631,0
20093650,0
20093662,1
20093663,0
20093685,0
20093721,0
20093780,0
20093783,0
20093789,0
20093811,0
20093831,0
20093833,1
20093842,0
20093878,0
20093905,0
20093911,0
20093937,0
20093959,0
20093967,0
20093969,1
20093976,0
20093989,0
20094007,0
20094010,0
20094015,0
20094020,0
20094026,0
20094031,0
20094045,0
20094052,0
20094085,0
20094090,0
20094101,0
20094148,1
20094160,0
20094161,0
20094163,0
20094164,0
20094167,0
20094174,0
20094175,0
20094211,0
20094217,1
20094240,0
20094244,0
20094258,1
20094284,0
20094295,0
20094307,0
20094315,0
20094331,0
20094338,0
20094341,0
20094345,1
20094348,0
20094379,0
20094380,0
20094386,0
20094387,0
20094389,0
20094396,0
20094397,0
20094402,0
20094429,0
20094433,0
20094443,0
20094454,0
20094457,0
20094462,0
20094523,0
20094552,0
20094602,0
20094609,0
20094610,0
20094616,1
20094617,0
20094622,0
20094634,0
20094636,0
20094648,0
20094656,0
20094695,0
20094704,0
20094709,0
20094717,0
20094724,0
20094737,0
20094758,0
20094762,0
20094764,0
20094765,0
20094790,0
20094808,0
20094839,0
20094867,0
20094875,0
20094878,0
20094915,0
20094918,0
20094920,0
20094950,0
20094974,0
20094980,0
20094983,0
20094998,0
20095011,0
20095029,0
20095034,0
20095082,0
20095091,0
20095103,0
20095110,0
20095146,1
20095147,0
20095161,0
20095163,1
20095172,0
20095187,0
20095207,1
20095224,0
20095232,0
20095238,0
20095242,0
20095265,0
20095283,0
20095299,0
20095306,0
20095322,0
20095335,0
20095347,0
20095359,0
20095361,0
20095391,0
20095393,0
20095434,0
20095436,0
20095440,0
20095461,0
20095465,0
20095472,0
20095506,0
20095511,0
20095512,0
20095515,0
20095528,0
20095530,0
20095535,0
20095548,0
20095551,0
20095564,0
20095595,0
20095636,0
20095667,0
20095683,0
20095687,0
20095701,0
20095704,0
20095707,0
20095709,1
20095711,0
20095713,0
20095715,0
20095716,0
20095720,0
20095726,0
20095734,0
20095751,0
20095765,0
20095773,0
20095805,0
20095806,0
20095822,0
20095823,0
20095824,0
20095831,0
20095836,0
20095841,0
20095843,1
20095853,1
20095869,0
20095872,0
20095882,1
20095884,0
20095888,0
20095898,0
20095910,0
20095914,0
20095926,0
20095931,0
20095945,0
20095947,0
20095956,0
20095964,0
20095976,0
20095979,0
20095987,0
20095991,0
20095994,0
20096003,1
20096025,0
20096029,0
20096072,0
20096073,0
20096098,0
20096102,0
20096115,0
20096117,0
20096121,0
20096136,0
20096143,0
20096147,0
20096148,0
20096151,0
20096155,0
20096159,0
20096160,0
20096165,0
20096175,0
20096181,0
20096188,0
20096199,0
20096200,0
20096223,0
20096234,0
20096235,0
20096278,1
20096282,0
20096283,0
20096294,0
20096313,0
20096315,0
20096391,0
20096399,0
20096415,0
20096420,0
20096457,0
20096492,0
20096505,0
20096508,0
20096513,0
20096514,0
20096542,0
20096551,0
20096567,0
20096572,0
20096584,0
20096594,0
20096604,1
20096613,0
20096614,0
20096624,0
20096640,0
20096643,0
20096644,0
20096649,0
20096678,0
20096679,0
20096687,0
20096691,0
20096704,0
20096705,0
20096715,0
20096743,0
20096744,0
20096768,0
20096772,0
20096774,0
20096785,0
20096791,0
20096795,1
20096817,0
20096832,0
20096836,0
20096844,0
20096847,0
20096853,1
20096860,0
20096862,0
20096871,0
20096891,0
20096901,0
20096918,0
20096926,0
20096949,0
20096953,0
20096971,0
20096982,0
20096992,1
20096995,0
20097025,0
20097035,1
20097042,0
20097048,0
20097101,0
20097103,1
20097111,0
20097126,0
20097130,0
20097142,0
20097150,0
20097163,0
20097178,0
20097185,0
20097188,0
20097198,0
20097199,0
20097229,0
20097242,0
20097251,0
20097257,0
20097260,0
20097266,0
20097283,0
20097293,0
20097311,0
20097318,0
20097319,0
20097321,0
20097332,0
20097356,0
20097358,0
20097363,0
20097370,0
20097377,0
20097389,0
20097408,0
20097429,0
20097434,0
20097461,1
20097470,0
20097502,0
20097503,0
20097510,0
20097515,0
20097559,1
20097569,0
20097573,0
20097574,0
20097585,0
20097603,0
20097605,0
20097617,0
20097649,0
20097673,0
20097676,1
20097680,0
20097681,0
20097686,0
20097690,0
20097693,0
20097700,0
20097714,1
20097715,0
20097717,0
20097730,0
20097742,0
20097749,0
20097752,0
20097769,0
20097776,0
20097785,0
20097815,0
20097816,0
20097826,0
20097839,0
20097865,0
20097893,0
20097903,0
20097907,0
20097939,0
20097947,0
20097953,0
20097958,0
20097961,0
20098022,0
20098048,0
20098054,0
20098069,0
20098074,0
20098077,0
20098081,0
20098106,0
20098114,0
20098128,0
20098158,0
20098173,0
20098189,0
20098198,1
20098206,0
20098219,0
20098229,0
20098232,0
20098251,0
20098347,0
20098358,0
20098362,1
20098390,0
20098391,0
20098423,0
20098434,0
20098438,0
20098447,0
20098448,0
20098450,0
20098466,0
20098475,0
20098485,0
20098491,0
20098492,0
20098497,0
20098519,0
20098526,0
20098533,0
20098539,0
20098543,0
20098570,0
20098577,0
20098586,0
20098588,0
20098591,0
20098600,0
20098601,0
20098603,0
20098611,0
20098616,0
20098625,0
20098636,1
20098648,0
20098649,0
20098665,0
20098668,0
20098676,0
20098692,0
20098709,0
20098714,0
20098718,0
20098741,0
20098752,0
20098755,0
20098768,0
20098788,0
20098789,0
20098805,0
20098811,0
20098815,0
20098819,0
20098826,0
20098841,0
20098852,0
20098859,0
20098861,0
20098875,0
20098885,0
20098908,0
20098915,0
20098921,0
20098942,0
20098947,0
20098959,0
20098989,0
20098997,0
20098999,0
20099017,0
20099019,0
20099029,0
20099066,1
20099068,1
20099070,0
20099075,0
20099078,0
20099100,0
20099104,0
20099109,0
20099112,0
20099114,0
20099120,0
20099122,0
20099127,0
20099181,0
20099186,0
20099190,1
20099194,0
20099200,0
20099204,0
20099208,0
20099215,0
20099279,0
20099316,0
20099325,0
20099345,0
20099346,0
20099347,0
20099349,0
20099353,0
20099354,1
20099355,1
20099360,0
20099410,0
20099447,0
20099464,0
20099471,0
20099483,0
20099488,0
20099531,0
20099533,0
20099534,0
20099544,0
20099552,0
20099556,0
20099576,0
20099594,0
20099602,0
20099612,0
20099618,0
20099637,1
20099655,1
20099657,0
20099665,0
20099708,0
20099711,0
20099715,0
20099733,0
20099740,0
20099747,0
20099755,0
20099769,0
20099781,1
20099783,0
20099802,0
20099856,0
20099867,0
20099887,0
20099890,0
20099918,0
20099936,0
20099947,0
20099965,0
20099974,0
20099978,0
20099984,0
20099986,0
20099992,0
20099994,1
